drug_set,condition_id_norm,label,missing_drug_ids,missing_disease_id,reason
"['CHEBI:100241', 'CHEBI:17650']",MONDO:0001051,1,"['CHEBI:100241', 'CHEBI:17650']",,missing_drug
"['CHEBI:100241', 'CHEBI:17650']",MONDO:0021666,1,"['CHEBI:100241', 'CHEBI:17650']",,missing_drug
"['CHEBI:100241', 'CHEBI:17650']",UMLS:C0740437,1,"['CHEBI:100241', 'CHEBI:17650']",UMLS:C0740437,missing_drug+missing_disease
"['CHEBI:100241', 'CHEBI:41879']",HP:0000371,1,"['CHEBI:100241', 'CHEBI:41879']",,missing_drug
"['CHEBI:100241', 'CHEBI:41879']",MONDO:0001051,1,"['CHEBI:100241', 'CHEBI:41879']",,missing_drug
"['CHEBI:100241', 'CHEBI:41879']",MONDO:0005441,1,"['CHEBI:100241', 'CHEBI:41879']",,missing_drug
"['CHEBI:100241', 'CHEBI:41879']",MONDO:0005975,1,"['CHEBI:100241', 'CHEBI:41879']",,missing_drug
"['CHEBI:100241', 'CHEBI:41879']",MONDO:0007498,0,"['CHEBI:100241', 'CHEBI:41879']",,missing_drug
"['CHEBI:100241', 'CHEBI:41879']",UMLS:C0015404,1,"['CHEBI:100241', 'CHEBI:41879']",,missing_drug
"['CHEBI:100241', 'CHEBI:5108']",MONDO:0005892,1,['CHEBI:100241'],,missing_drug
"['CHEBI:100241', 'CHEBI:6909']",UMLS:C1112209,1,['CHEBI:100241'],,missing_drug
"['CHEBI:100241', 'CHEBI:75176']",MONDO:0021697,1,['CHEBI:100241'],,missing_drug
"['CHEBI:100241', 'CHEBI:75176']",MONDO:0100128,1,['CHEBI:100241'],,missing_drug
"['CHEBI:100241', 'CHEBI:8232']",UMLS:C0746883,1,['CHEBI:100241'],,missing_drug
"['CHEBI:10033', 'CHEBI:4653']",UMLS:C0919822,1,[],UMLS:C0919822,missing_disease
"['CHEBI:10056', 'PUBCHEM.COMPOUND:5284632']",HP:0000016,0,['PUBCHEM.COMPOUND:5284632'],,missing_drug
"['CHEBI:10056', 'PUBCHEM.COMPOUND:5284632']",MONDO:0001744,0,['PUBCHEM.COMPOUND:5284632'],,missing_drug
"['CHEBI:10056', 'PUBCHEM.COMPOUND:5284632']",MONDO:0005154,0,['PUBCHEM.COMPOUND:5284632'],,missing_drug
"['CHEBI:10056', 'PUBCHEM.COMPOUND:5284632']",UMLS:C0585136,0,['PUBCHEM.COMPOUND:5284632'],,missing_drug
"['CHEBI:10110', 'CHEBI:421707', 'CHEBI:63577']",MONDO:0005109,1,['CHEBI:421707'],,missing_drug
"['CHEBI:10119', 'CHEBI:39867', 'CHEBI:6504']",MONDO:0004985,1,['CHEBI:39867'],,missing_drug
"['CHEBI:102130', 'CHEBI:102265', 'CHEBI:9328']",HP:0020083,1,['CHEBI:9328'],,missing_drug
"['CHEBI:102130', 'CHEBI:102265', 'CHEBI:9328']",MONDO:0001786,1,['CHEBI:9328'],,missing_drug
"['CHEBI:102130', 'CHEBI:102265', 'CHEBI:9328']",MONDO:0003799,1,['CHEBI:9328'],,missing_drug
"['CHEBI:102130', 'CHEBI:102265', 'CHEBI:9328']",MONDO:0005227,1,['CHEBI:9328'],,missing_drug
"['CHEBI:102130', 'CHEBI:102265', 'CHEBI:9328']",MONDO:0006668,1,['CHEBI:9328'],,missing_drug
"['CHEBI:102130', 'CHEBI:102265', 'CHEBI:9328']",MONDO:0021783,1,['CHEBI:9328'],,missing_drug
"['CHEBI:102130', 'CHEBI:102265', 'CHEBI:9328']",MONDO:0021839,1,['CHEBI:9328'],,missing_drug
"['CHEBI:102130', 'CHEBI:102265', 'CHEBI:9328']",MONDO:0043839,1,['CHEBI:9328'],,missing_drug
"['CHEBI:102130', 'CHEBI:102265', 'CHEBI:9328']",MONDO:0100338,1,['CHEBI:9328'],,missing_drug
"['CHEBI:102130', 'CHEBI:102265', 'CHEBI:9328']",UMLS:C0042136,1,['CHEBI:9328'],,missing_drug
"['CHEBI:102130', 'CHEBI:102265', 'CHEBI:9328']",UMLS:C1610066,1,['CHEBI:9328'],UMLS:C1610066,missing_drug+missing_disease
"['CHEBI:102130', 'CHEBI:9328', 'CHEBI:9337']",MONDO:0004605,1,['CHEBI:9328'],,missing_drug
"['CHEBI:102130', 'CHEBI:9328', 'CHEBI:9337']",MONDO:0004652,1,['CHEBI:9328'],,missing_drug
"['CHEBI:102130', 'CHEBI:9328', 'CHEBI:9337']",MONDO:0004863,1,['CHEBI:9328'],,missing_drug
"['CHEBI:102130', 'CHEBI:9328', 'CHEBI:9337']",MONDO:0005249,1,['CHEBI:9328'],,missing_drug
"['CHEBI:102130', 'CHEBI:9328', 'CHEBI:9337']",MONDO:0005292,1,['CHEBI:9328'],,missing_drug
"['CHEBI:102130', 'CHEBI:9328', 'CHEBI:9337']",MONDO:0043839,1,['CHEBI:9328'],,missing_drug
"['CHEBI:102130', 'CHEBI:9328', 'CHEBI:9337']",MONDO:0043885,1,['CHEBI:9328'],,missing_drug
"['CHEBI:102130', 'CHEBI:9328', 'CHEBI:9337']",MONDO:0100338,1,['CHEBI:9328'],,missing_drug
"['CHEBI:102130', 'CHEBI:9328', 'CHEBI:9337']",UMLS:C0015404,1,['CHEBI:9328'],,missing_drug
"['CHEBI:102130', 'CHEBI:9328', 'CHEBI:9337']",UMLS:C0152516,1,['CHEBI:9328'],,missing_drug
"['CHEBI:102130', 'CHEBI:9328', 'CHEBI:9337']",UMLS:C0521833,1,['CHEBI:9328'],,missing_drug
"['CHEBI:102484', 'CHEBI:18208']",MONDO:0001031,1,['CHEBI:18208'],,missing_drug
"['CHEBI:102484', 'CHEBI:42355']",HP:0000371,1,['CHEBI:42355'],,missing_drug
"['CHEBI:102484', 'CHEBI:42355']",MONDO:0001031,1,['CHEBI:42355'],,missing_drug
"['CHEBI:102524', 'CHEBI:135538', 'CHEBI:27732']",NCIT:C78640,1,[],NCIT:C78640,missing_disease
"['CHEBI:102524', 'CHEBI:135538', 'CHEBI:27732']",UMLS:C0852402,1,[],UMLS:C0852402,missing_disease
"['CHEBI:10454', 'CHEBI:135214']",UMLS:C1998297,0,[],UMLS:C1998297,missing_disease
"['CHEBI:107736', 'CHEBI:15671', 'CHEBI:30769', 'CHEBI:31498', 'CHEBI:32139', 'CHEBI:64733']",HP:0002018,1,['CHEBI:107736'],,missing_drug
"['CHEBI:107736', 'CHEBI:15671', 'CHEBI:30769', 'CHEBI:31498', 'CHEBI:32139', 'CHEBI:64733']",NCIT:C78213,1,['CHEBI:107736'],NCIT:C78213,missing_drug+missing_disease
"['CHEBI:107736', 'CHEBI:15671', 'CHEBI:30769', 'CHEBI:31498', 'CHEBI:32139', 'CHEBI:64733']",UMLS:C0001707,1,['CHEBI:107736'],UMLS:C0001707,missing_drug+missing_disease
"['CHEBI:107736', 'CHEBI:15671', 'CHEBI:30769', 'CHEBI:31498', 'CHEBI:32139', 'CHEBI:64733']",UMLS:C0232574,1,['CHEBI:107736'],UMLS:C0232574,missing_drug+missing_disease
"['CHEBI:107736', 'CHEBI:31459', 'CHEBI:31498', 'CHEBI:81916', 'DRUGBANK:DB13281']",UMLS:C0267167,1,['CHEBI:107736'],,missing_drug
"['CHEBI:107736', 'CHEBI:31498']",HP:0002017,1,['CHEBI:107736'],,missing_drug
"['CHEBI:107736', 'CHEBI:31498', 'CHEBI:81916']",UMLS:C0267167,1,['CHEBI:107736'],,missing_drug
"['CHEBI:113556', 'CHEBI:4470', 'CHEBI:52010']",HP:0012735,1,['CHEBI:52010'],,missing_drug
"['CHEBI:113556', 'CHEBI:4470', 'CHEBI:52010']",MONDO:0002258,1,['CHEBI:52010'],,missing_drug
"['CHEBI:113556', 'CHEBI:4470', 'CHEBI:52010']",MONDO:0003781,1,['CHEBI:52010'],,missing_drug
"['CHEBI:113556', 'CHEBI:4470', 'CHEBI:52010']",MONDO:0005709,1,['CHEBI:52010'],,missing_drug
"['CHEBI:114785', 'CHEBI:175901']",UMLS:C5395609,1,['CHEBI:114785'],UMLS:C5395609,missing_drug+missing_disease
"['CHEBI:114785', 'UNII:2S9ZZM9Q9V']",UMLS:C3266992,1,['CHEBI:114785'],,missing_drug
"['CHEBI:114785', 'UNII:D99YVK4L0X']",UMLS:C3888903,1,['CHEBI:114785'],UMLS:C3888903,missing_drug+missing_disease
"['CHEBI:114786', 'CHEBI:131527']",UMLS:C0040793,0,[],UMLS:C0040793,missing_disease
"['CHEBI:114786', 'CHEBI:131527', 'CHEBI:17234', 'CHEBI:26710', 'CHEBI:32588', 'CHEBI:32954']",HP:0001944,1,['CHEBI:17234'],,missing_drug
"['CHEBI:114786', 'CHEBI:131527', 'CHEBI:17234', 'CHEBI:26710', 'CHEBI:32588', 'CHEBI:32954']",MONDO:0000440,1,['CHEBI:17234'],,missing_drug
"['CHEBI:114786', 'CHEBI:131527', 'CHEBI:17234', 'CHEBI:26710', 'CHEBI:32588', 'CHEBI:32954']",MONDO:0006919,1,['CHEBI:17234'],,missing_drug
"['CHEBI:114786', 'CHEBI:17234']",HP:0002153,0,['CHEBI:17234'],,missing_drug
"['CHEBI:114786', 'CHEBI:17234']",HP:0100520,0,['CHEBI:17234'],,missing_drug
"['CHEBI:114786', 'CHEBI:17234']",MONDO:0000465,0,['CHEBI:17234'],,missing_drug
"['CHEBI:114786', 'CHEBI:17234']",MONDO:0001106,0,['CHEBI:17234'],,missing_drug
"['CHEBI:114786', 'CHEBI:17234']",MONDO:0001220,0,['CHEBI:17234'],,missing_drug
"['CHEBI:114786', 'CHEBI:17234']",MONDO:0002476,0,['CHEBI:17234'],,missing_drug
"['CHEBI:114786', 'CHEBI:17234']",MONDO:0018542,0,['CHEBI:17234'],,missing_drug
"['CHEBI:114786', 'CHEBI:17234']",UMLS:C0040793,0,['CHEBI:17234'],UMLS:C0040793,missing_drug+missing_disease
"['CHEBI:114786', 'CHEBI:26710']",UMLS:C0040793,0,[],UMLS:C0040793,missing_disease
"['CHEBI:114786', 'CHEBI:32954']",UMLS:C0040793,0,[],UMLS:C0040793,missing_disease
"['CHEBI:116735', 'CHEBI:135611', 'CHEBI:17650', 'CHEBI:31292']",HP:0012390,1,['CHEBI:17650'],,missing_drug
"['CHEBI:116735', 'CHEBI:135611', 'CHEBI:17650', 'CHEBI:31292']",MONDO:0004872,1,['CHEBI:17650'],,missing_drug
"['CHEBI:116735', 'CHEBI:135611', 'CHEBI:17650', 'CHEBI:31292']",UMLS:C0033775,1,['CHEBI:17650'],,missing_drug
"['CHEBI:116735', 'CHEBI:135611', 'CHEBI:17650', 'CHEBI:4853']",MONDO:0004872,1,['CHEBI:17650'],,missing_drug
"['CHEBI:116735', 'CHEBI:135611', 'CHEBI:17650', 'CHEBI:4853']",UMLS:C0033775,1,['CHEBI:17650'],,missing_drug
"['CHEBI:116735', 'CHEBI:135611', 'CHEBI:7507', 'UNII:877376V2XW']",UMLS:C0729771,1,[],UMLS:C0729771,missing_disease
"['CHEBI:116735', 'CHEBI:17650']",MONDO:0004872,1,['CHEBI:17650'],,missing_drug
"['CHEBI:116735', 'CHEBI:17650', 'CHEBI:36560']",MONDO:0004872,1,['CHEBI:17650'],,missing_drug
"['CHEBI:116735', 'CHEBI:17987', 'CHEBI:34393']",UMLS:C5437085,1,[],UMLS:C5437085,missing_disease
"['CHEBI:116735', 'CHEBI:31264', 'UNII:877376V2XW']",UMLS:C0729771,1,[],UMLS:C0729771,missing_disease
"['CHEBI:116735', 'CHEBI:9468']",UMLS:C0011593,1,[],UMLS:C0011593,missing_disease
"['CHEBI:116735', 'UNII:877376V2XW']",UMLS:C0729771,1,[],UMLS:C0729771,missing_disease
"['CHEBI:12777', 'CHEBI:133538', 'CHEBI:15414', 'CHEBI:15956', 'CHEBI:16414', 'CHEBI:16708', 'CHEBI:16811', 'CHEBI:16828', 'CHEBI:16908', 'CHEBI:17561', 'CHEBI:17895', 'CHEBI:17933', 'CHEBI:18385', 'CHEBI:195544', 'CHEBI:22652', 'CHEBI:26078', 'CHEBI:26709']",MONDO:0001711,1,"['CHEBI:16811', 'CHEBI:18385']",,missing_drug
"['CHEBI:12777', 'CHEBI:15940']",UMLS:C0342951,0,[],UMLS:C0342951,missing_disease
"['CHEBI:12777', 'CHEBI:16709', 'CHEBI:18145']",UMLS:C0852222,1,[],UMLS:C0852222,missing_disease
"['CHEBI:12777', 'CHEBI:28659']",UMLS:C0573813,0,[],UMLS:C0573813,missing_disease
"['CHEBI:131391', 'CHEBI:16709', 'DRUGBANK:DB10344', 'UNII:61ZBX54883']",HP:0002018,1,"['DRUGBANK:DB10344', 'UNII:61ZBX54883']",,missing_drug
"['CHEBI:131527', 'CHEBI:17234', 'CHEBI:25107', 'CHEBI:32588', 'CHEBI:32954']",MONDO:0000440,1,"['CHEBI:17234', 'CHEBI:25107']",,missing_drug
"['CHEBI:131527', 'CHEBI:17234', 'CHEBI:26710', 'CHEBI:32029', 'CHEBI:32599', 'CHEBI:3309']",MONDO:0000440,1,"['CHEBI:17234', 'CHEBI:32599']",,missing_drug
"['CHEBI:131527', 'CHEBI:17924', 'CHEBI:25107', 'CHEBI:26710', 'CHEBI:32588', 'CHEBI:3312', 'UNII:K679OBS311']",HP:0000217,1,['CHEBI:25107'],,missing_drug
"['CHEBI:131527', 'CHEBI:25107', 'CHEBI:26710', 'CHEBI:32588', 'CHEBI:3312', 'UNII:K679OBS311']",HP:0000217,1,['CHEBI:25107'],,missing_drug
"['CHEBI:132233', 'CHEBI:4469']",MONDO:0005302,1,['CHEBI:132233'],,missing_drug
"['CHEBI:133009', 'CHEBI:85083']",UMLS:C4049392,1,[],UMLS:C4049392,missing_disease
"['CHEBI:133009', 'CHEBI:85083']",UMLS:C4049395,1,[],UMLS:C4049395,missing_disease
"['CHEBI:133009', 'CHEBI:85083']",UMLS:C4049418,1,[],UMLS:C4049418,missing_disease
"['CHEBI:133009', 'CHEBI:85083']",UMLS:C4049420,1,[],UMLS:C4049420,missing_disease
"['CHEBI:133009', 'CHEBI:85083']",UMLS:C4049431,1,[],UMLS:C4049431,missing_disease
"['CHEBI:133009', 'CHEBI:85083']",UMLS:C4049435,1,[],UMLS:C4049435,missing_disease
"['CHEBI:133021', 'CHEBI:76612']",UMLS:C5395609,1,[],UMLS:C5395609,missing_disease
"['CHEBI:133538', 'CHEBI:15603', 'CHEBI:15971', 'CHEBI:16414', 'CHEBI:16811', 'CHEBI:16828', 'CHEBI:16857', 'CHEBI:17191', 'CHEBI:17295']",UMLS:C0542211,1,['CHEBI:16811'],UMLS:C0542211,missing_drug+missing_disease
"['CHEBI:134718', 'CHEBI:15765', 'CHEBI:39585']",MONDO:0014231,1,['CHEBI:39585'],,missing_drug
"['CHEBI:134719', 'CHEBI:9421']",UMLS:C2189270,1,[],UMLS:C2189270,missing_disease
"['CHEBI:134719', 'CHEBI:9421']",UMLS:C4727977,1,[],UMLS:C4727977,missing_disease
"['CHEBI:134726', 'CHEBI:15765', 'CHEBI:39585']",MONDO:0014231,1,['CHEBI:39585'],,missing_drug
"['CHEBI:134743', 'CHEBI:63580', 'UNII:G8RGG88B68']",UMLS:C4049392,1,[],UMLS:C4049392,missing_disease
"['CHEBI:134743', 'CHEBI:63580', 'UNII:G8RGG88B68']",UMLS:C4049431,1,[],UMLS:C4049431,missing_disease
"['CHEBI:134743', 'CHEBI:63580', 'UNII:Q46947FE7K']",UMLS:C4049392,1,[],UMLS:C4049392,missing_disease
"['CHEBI:134743', 'CHEBI:63580', 'UNII:Q46947FE7K']",UMLS:C4049431,1,[],UMLS:C4049431,missing_disease
"['CHEBI:134743', 'CHEBI:85083']",UMLS:C4049392,1,[],UMLS:C4049392,missing_disease
"['CHEBI:134753', 'CHEBI:28939']",UMLS:C0342398,0,[],UMLS:C0342398,missing_disease
"['CHEBI:134761', 'CHEBI:88839']",UMLS:C0856716,0,[],UMLS:C0856716,missing_disease
"['CHEBI:134813', 'CHEBI:15409', 'CHEBI:31832', 'CHEBI:36773']",HP:0002829,1,['CHEBI:36773'],,missing_drug
"['CHEBI:134813', 'CHEBI:15409', 'CHEBI:31832', 'CHEBI:36773']",HP:0003419,1,['CHEBI:36773'],,missing_drug
"['CHEBI:134813', 'CHEBI:15409', 'CHEBI:31832', 'CHEBI:36773']",UMLS:C0009938,1,['CHEBI:36773'],,missing_drug
"['CHEBI:134813', 'CHEBI:15409', 'CHEBI:31832', 'CHEBI:36773']",UMLS:C0038045,1,['CHEBI:36773'],,missing_drug
"['CHEBI:134813', 'CHEBI:15409', 'CHEBI:31832', 'CHEBI:36773']",UMLS:C0410256,1,['CHEBI:36773'],,missing_drug
"['CHEBI:134813', 'CHEBI:15882', 'DRUGBANK:DB11338']",NCIT:C78640,1,[],NCIT:C78640,missing_disease
"['CHEBI:134813', 'CHEBI:52010', 'CHEBI:8093']",MONDO:0003014,1,['CHEBI:52010'],,missing_drug
"['CHEBI:134813', 'CHEBI:52010', 'CHEBI:8093']",MONDO:0005324,1,['CHEBI:52010'],,missing_drug
"['CHEBI:134813', 'CHEBI:52010', 'CHEBI:8093']",MONDO:0005709,1,['CHEBI:52010'],,missing_drug
"['CHEBI:134813', 'CHEBI:52010', 'CHEBI:8093']",MONDO:0005961,1,['CHEBI:52010'],,missing_drug
"['CHEBI:134813', 'CHEBI:52010', 'CHEBI:8093']",UMLS:C2317131,1,['CHEBI:52010'],UMLS:C2317131,missing_drug+missing_disease
"['CHEBI:134817', 'CHEBI:2659', 'CHEBI:52010', 'CHEBI:73237']",HP:0012735,1,['CHEBI:52010'],,missing_drug
"['CHEBI:134817', 'CHEBI:2659', 'CHEBI:52010', 'CHEBI:73237']",MONDO:0004979,1,['CHEBI:52010'],,missing_drug
"['CHEBI:134817', 'CHEBI:2659', 'CHEBI:52010', 'CHEBI:73237']",MONDO:0005709,1,['CHEBI:52010'],,missing_drug
"['CHEBI:134850', 'CHEBI:17439']",UMLS:C0948998,0,[],UMLS:C0948998,missing_disease
"['CHEBI:134850', 'CHEBI:17439']",UMLS:C1996939,0,[],UMLS:C1996939,missing_disease
"['CHEBI:134850', 'CHEBI:17439', 'CHEBI:31749', 'CHEBI:41879', 'CHEBI:6456']",HP:0003419,1,['CHEBI:41879'],,missing_drug
"['CHEBI:134850', 'CHEBI:17439', 'CHEBI:31749', 'CHEBI:41879', 'CHEBI:6456']",MONDO:0002122,1,['CHEBI:41879'],,missing_drug
"['CHEBI:134850', 'CHEBI:17439', 'CHEBI:31749', 'CHEBI:41879', 'CHEBI:6456']",MONDO:0006960,1,['CHEBI:41879'],,missing_drug
"['CHEBI:134850', 'CHEBI:17439', 'CHEBI:31749', 'CHEBI:41879', 'CHEBI:6456']",UMLS:C0543612,1,['CHEBI:41879'],UMLS:C0543612,missing_drug+missing_disease
"['CHEBI:134850', 'CHEBI:17439', 'CHEBI:31749', 'CHEBI:41879', 'CHEBI:6456']",UMLS:C3495832,1,['CHEBI:41879'],,missing_drug
"['CHEBI:134850', 'CHEBI:31749']",UMLS:C0948998,0,[],UMLS:C0948998,missing_disease
"['CHEBI:134850', 'CHEBI:31749']",UMLS:C1996939,0,[],UMLS:C1996939,missing_disease
"['CHEBI:134850', 'CHEBI:41879']",HP:0002239,0,['CHEBI:41879'],,missing_drug
"['CHEBI:134850', 'CHEBI:41879']",MONDO:0001166,0,['CHEBI:41879'],,missing_drug
"['CHEBI:134850', 'CHEBI:41879']",MONDO:0001866,0,['CHEBI:41879'],,missing_drug
"['CHEBI:134850', 'CHEBI:41879']",MONDO:0002049,0,['CHEBI:41879'],,missing_drug
"['CHEBI:134850', 'CHEBI:41879']",MONDO:0002243,0,['CHEBI:41879'],,missing_drug
"['CHEBI:134850', 'CHEBI:41879']",MONDO:0002474,0,['CHEBI:41879'],,missing_drug
"['CHEBI:134850', 'CHEBI:41879']",MONDO:0003240,0,['CHEBI:41879'],,missing_drug
"['CHEBI:134850', 'CHEBI:41879']",MONDO:0003785,0,['CHEBI:41879'],,missing_drug
"['CHEBI:134850', 'CHEBI:41879']",MONDO:0004247,0,['CHEBI:41879'],,missing_drug
"['CHEBI:134850', 'CHEBI:41879']",MONDO:0004670,0,['CHEBI:41879'],,missing_drug
"['CHEBI:134850', 'CHEBI:41879']",MONDO:0004966,0,['CHEBI:41879'],,missing_drug
"['CHEBI:134850', 'CHEBI:41879']",MONDO:0005009,0,['CHEBI:41879'],,missing_drug
"['CHEBI:134850', 'CHEBI:41879']",MONDO:0005041,0,['CHEBI:41879'],,missing_drug
"['CHEBI:134850', 'CHEBI:41879']",MONDO:0005044,0,['CHEBI:41879'],,missing_drug
"['CHEBI:134850', 'CHEBI:41879']",MONDO:0005154,0,['CHEBI:41879'],,missing_drug
"['CHEBI:134850', 'CHEBI:41879']",MONDO:0005267,0,['CHEBI:41879'],,missing_drug
"['CHEBI:134850', 'CHEBI:41879']",MONDO:0005298,0,['CHEBI:41879'],,missing_drug
"['CHEBI:134850', 'CHEBI:41879']",MONDO:0005468,0,['CHEBI:41879'],,missing_drug
"['CHEBI:134850', 'CHEBI:41879']",MONDO:0005485,0,['CHEBI:41879'],,missing_drug
"['CHEBI:134850', 'CHEBI:41879']",MONDO:0007263,0,['CHEBI:41879'],,missing_drug
"['CHEBI:134850', 'CHEBI:41879']",MONDO:0009688,0,['CHEBI:41879'],,missing_drug
"['CHEBI:134850', 'CHEBI:41879']",MONDO:0010030,0,['CHEBI:41879'],,missing_drug
"['CHEBI:134850', 'CHEBI:41879']",MONDO:0010602,0,['CHEBI:41879'],,missing_drug
"['CHEBI:134850', 'CHEBI:41879']",MONDO:0018542,0,['CHEBI:41879'],,missing_drug
"['CHEBI:134850', 'CHEBI:41879']",MONDO:0019142,0,['CHEBI:41879'],,missing_drug
"['CHEBI:134850', 'CHEBI:41879']",UMLS:C0151664,0,['CHEBI:41879'],,missing_drug
"['CHEBI:134850', 'CHEBI:41879']",UMLS:C0264714,0,['CHEBI:41879'],,missing_drug
"['CHEBI:134850', 'CHEBI:41879']",UMLS:C0948998,0,['CHEBI:41879'],UMLS:C0948998,missing_drug+missing_disease
"['CHEBI:134850', 'CHEBI:41879']",UMLS:C1996939,0,['CHEBI:41879'],UMLS:C1996939,missing_drug+missing_disease
"['CHEBI:134850', 'CHEBI:6456']",UMLS:C0948998,0,[],UMLS:C0948998,missing_disease
"['CHEBI:134850', 'CHEBI:6456']",UMLS:C1996939,0,[],UMLS:C1996939,missing_disease
"['CHEBI:134880', 'CHEBI:39585']",MONDO:0020128,1,['CHEBI:39585'],,missing_drug
"['CHEBI:134893', 'CHEBI:52010']",MONDO:0011786,1,['CHEBI:52010'],,missing_drug
"['CHEBI:135096', 'CHEBI:16914']",UMLS:C1271063,0,[],UMLS:C1271063,missing_disease
"['CHEBI:135096', 'CHEBI:16914']",UMLS:C2609048,1,[],UMLS:C2609048,missing_disease
"['CHEBI:135207', 'CHEBI:32219']",HP:0012735,1,['CHEBI:135207'],,missing_drug
"['CHEBI:135446', 'PUBCHEM.COMPOUND:45357473']",CHEBI:41922,0,['PUBCHEM.COMPOUND:45357473'],,missing_drug
"['CHEBI:135446', 'PUBCHEM.COMPOUND:45357473']",HP:0001681,0,['PUBCHEM.COMPOUND:45357473'],,missing_drug
"['CHEBI:135446', 'PUBCHEM.COMPOUND:45357473']",HP:0002910,0,['PUBCHEM.COMPOUND:45357473'],,missing_drug
"['CHEBI:135446', 'PUBCHEM.COMPOUND:45357473']",MONDO:0001531,0,['PUBCHEM.COMPOUND:45357473'],,missing_drug
"['CHEBI:135446', 'PUBCHEM.COMPOUND:45357473']",MONDO:0005027,0,['PUBCHEM.COMPOUND:45357473'],,missing_drug
"['CHEBI:135446', 'PUBCHEM.COMPOUND:45357473']",MONDO:0005098,0,['PUBCHEM.COMPOUND:45357473'],,missing_drug
"['CHEBI:135446', 'PUBCHEM.COMPOUND:45357473']",MONDO:0005628,0,['PUBCHEM.COMPOUND:45357473'],,missing_drug
"['CHEBI:135446', 'PUBCHEM.COMPOUND:45357473']",MONDO:0006716,0,['PUBCHEM.COMPOUND:45357473'],,missing_drug
"['CHEBI:135446', 'PUBCHEM.COMPOUND:45357473']",MONDO:0007254,0,['PUBCHEM.COMPOUND:45357473'],,missing_drug
"['CHEBI:135446', 'PUBCHEM.COMPOUND:45357473']",MONDO:0016027,0,['PUBCHEM.COMPOUND:45357473'],,missing_drug
"['CHEBI:135446', 'PUBCHEM.COMPOUND:45357473']",MONDO:0019142,0,['PUBCHEM.COMPOUND:45357473'],,missing_drug
"['CHEBI:135446', 'PUBCHEM.COMPOUND:45357473']",NCIT:C26945,0,['PUBCHEM.COMPOUND:45357473'],,missing_drug
"['CHEBI:135446', 'PUBCHEM.COMPOUND:45357473']",UMLS:C0155668,0,['PUBCHEM.COMPOUND:45357473'],,missing_drug
"['CHEBI:135446', 'PUBCHEM.COMPOUND:45357473']",UMLS:C0559162,0,['PUBCHEM.COMPOUND:45357473'],UMLS:C0559162,missing_drug+missing_disease
"['CHEBI:135446', 'PUBCHEM.COMPOUND:45357473']",UMLS:C0743516,0,['PUBCHEM.COMPOUND:45357473'],,missing_drug
"['CHEBI:135446', 'PUBCHEM.COMPOUND:45357473']",UMLS:C1261367,0,['PUBCHEM.COMPOUND:45357473'],UMLS:C1261367,missing_drug+missing_disease
"['CHEBI:135446', 'PUBCHEM.COMPOUND:45357473']",UMLS:C1277190,0,['PUBCHEM.COMPOUND:45357473'],UMLS:C1277190,missing_drug+missing_disease
"['CHEBI:135446', 'PUBCHEM.COMPOUND:45357473']",UniProtKB:Q865K8,0,['PUBCHEM.COMPOUND:45357473'],UniProtKB:Q865K8,missing_drug+missing_disease
"['CHEBI:135492', 'CHEBI:50156']",UMLS:C0851300,1,[],UMLS:C0851300,missing_disease
"['CHEBI:135492', 'CHEBI:9241']",UniProtKB:A0A8D1EIM4,1,[],UniProtKB:A0A8D1EIM4,missing_disease
"['CHEBI:135499', 'CHEBI:9671']",UMLS:C0851300,1,[],UMLS:C0851300,missing_disease
"['CHEBI:135499', 'CHEBI:9671']",UMLS:C1142529,0,[],UMLS:C1142529,missing_disease
"['CHEBI:135538', 'CHEBI:22652', 'CHEBI:46195']",NCIT:C78640,1,[],NCIT:C78640,missing_disease
"['CHEBI:135538', 'CHEBI:22652', 'CHEBI:46195']",UMLS:C0852402,1,[],UMLS:C0852402,missing_disease
"['CHEBI:135547', 'CHEBI:94773']",UMLS:C1290992,1,[],UMLS:C1290992,missing_disease
"['CHEBI:135581', 'CHEBI:135581']",UMLS:C0854334,0,[],UMLS:C0854334,missing_disease
"['CHEBI:135581', 'CHEBI:247956']",UMLS:C0854334,0,[],UMLS:C0854334,missing_disease
"['CHEBI:135581', 'CHEBI:6456']",UMLS:C0565653,0,[],UMLS:C0565653,missing_disease
"['CHEBI:135610', 'CHEBI:8654']",MONDO:0000755,0,['CHEBI:135610'],,missing_drug
"['CHEBI:135611', 'CHEBI:15354', 'CHEBI:6456']",NCIT:C78325,1,['CHEBI:15354'],,missing_drug
"['CHEBI:135611', 'CHEBI:39561']",UMLS:C0043255,1,[],UMLS:C0043255,missing_disease
"['CHEBI:135611', 'CHEBI:41872']",UMLS:C0729771,1,[],UMLS:C0729771,missing_disease
"['CHEBI:135735', 'CHEBI:135849']",UMLS:C1802373,0,[],UMLS:C1802373,missing_disease
"['CHEBI:135735', 'CHEBI:135849']",UMLS:C1998297,0,[],UMLS:C1998297,missing_disease
"['CHEBI:135735', 'CHEBI:135849']",UMLS:C2585811,0,[],UMLS:C2585811,missing_disease
"['CHEBI:135735', 'CHEBI:135849']",UMLS:C4708664,0,[],UMLS:C4708664,missing_disease
"['CHEBI:135735', 'CHEBI:601027']",MONDO:0001106,0,['CHEBI:601027'],,missing_drug
"['CHEBI:135735', 'CHEBI:601027']",UMLS:C1802373,0,['CHEBI:601027'],UMLS:C1802373,missing_drug+missing_disease
"['CHEBI:135780', 'CHEBI:49575']",UMLS:C4728126,1,[],UMLS:C4728126,missing_disease
"['CHEBI:135901', 'CHEBI:177736', 'CHEBI:64628', 'CHEBI:72312', 'UNII:RWM8CCW8GP']",UniProtKB:P01168,1,[],UniProtKB:P01168,missing_disease
"['CHEBI:135910', 'CHEBI:135961', 'CHEBI:59224', 'UNII:T7K20Y2GWY']",MONDO:0005039,1,['CHEBI:59224'],,missing_drug
"['CHEBI:135920', 'CHEBI:47519']",MONDO:0001106,0,['CHEBI:47519'],,missing_drug
"['CHEBI:135976', 'CHEBI:15409', 'CHEBI:36773']",HP:0002829,1,['CHEBI:36773'],,missing_drug
"['CHEBI:135976', 'CHEBI:15409', 'CHEBI:36773']",HP:0003418,1,['CHEBI:36773'],,missing_drug
"['CHEBI:135976', 'CHEBI:15409', 'CHEBI:36773']",MONDO:0005578,1,['CHEBI:36773'],,missing_drug
"['CHEBI:135976', 'CHEBI:15409', 'CHEBI:36773']",NCIT:C3244,1,['CHEBI:36773'],,missing_drug
"['CHEBI:135976', 'CHEBI:15409', 'CHEBI:36773']",UMLS:C0009938,1,['CHEBI:36773'],,missing_drug
"['CHEBI:135976', 'CHEBI:15409', 'CHEBI:36773']",UMLS:C0038045,1,['CHEBI:36773'],,missing_drug
"['CHEBI:135976', 'CHEBI:15409', 'CHEBI:36773']",UMLS:C0080194,1,['CHEBI:36773'],,missing_drug
"['CHEBI:142773', 'CHEBI:50838']",UMLS:C0337664,0,[],UMLS:C0337664,missing_disease
"['CHEBI:142773', 'CHEBI:50838']",UniProtKB:A0A4X1SKS6,0,[],UniProtKB:A0A4X1SKS6,missing_disease
"['CHEBI:15354', 'CHEBI:27732']",UMLS:C0852402,1,['CHEBI:15354'],UMLS:C0852402,missing_drug+missing_disease
"['CHEBI:15354', 'CHEBI:32914']",NCIT:C78325,1,['CHEBI:15354'],,missing_drug
"['CHEBI:15354', 'CHEBI:3723']",MONDO:0002009,1,['CHEBI:15354'],,missing_drug
"['CHEBI:15354', 'CHEBI:4470', 'CHEBI:5551', 'CHEBI:8093']",HP:0001742,1,['CHEBI:15354'],,missing_drug
"['CHEBI:15354', 'CHEBI:4470', 'CHEBI:5551', 'CHEBI:8093']",HP:0001945,1,['CHEBI:15354'],,missing_drug
"['CHEBI:15354', 'CHEBI:4470', 'CHEBI:5551', 'CHEBI:8093']",HP:0012735,1,['CHEBI:15354'],,missing_drug
"['CHEBI:15354', 'CHEBI:4470', 'CHEBI:5551', 'CHEBI:8093']",HP:0033050,1,['CHEBI:15354'],,missing_drug
"['CHEBI:15354', 'CHEBI:4470', 'CHEBI:5551', 'CHEBI:8093']",MONDO:0005709,1,['CHEBI:15354'],,missing_drug
"['CHEBI:15354', 'CHEBI:4470', 'CHEBI:5551', 'CHEBI:8093']",UMLS:C0281856,1,['CHEBI:15354'],,missing_drug
"['CHEBI:15354', 'CHEBI:4636', 'CHEBI:8093']",HP:0001742,1,['CHEBI:15354'],,missing_drug
"['CHEBI:15354', 'CHEBI:4636', 'CHEBI:8093']",HP:0025095,1,['CHEBI:15354'],,missing_drug
"['CHEBI:15354', 'CHEBI:4636', 'CHEBI:8093']",MONDO:0005709,1,['CHEBI:15354'],,missing_drug
"['CHEBI:15354', 'CHEBI:5551', 'CHEBI:8093']",HP:0001742,1,['CHEBI:15354'],,missing_drug
"['CHEBI:15365', 'CHEBI:22652']",NCIT:C78640,1,[],NCIT:C78640,missing_disease
"['CHEBI:15365', 'CHEBI:27732', 'CHEBI:46195']",NCIT:C78640,1,[],NCIT:C78640,missing_disease
"['CHEBI:15365', 'CHEBI:27732', 'CHEBI:46195']",UMLS:C0852402,1,[],UMLS:C0852402,missing_disease
"['CHEBI:15365', 'CHEBI:27732', 'CHEBI:46195']",UMLS:C1698508,1,[],UMLS:C1698508,missing_disease
"['CHEBI:15365', 'CHEBI:30769', 'CHEBI:32139']",UMLS:C0852402,1,[],UMLS:C0852402,missing_disease
"['CHEBI:15365', 'CHEBI:37941']",MONDO:0005542,1,['CHEBI:37941'],,missing_drug
"['CHEBI:15365', 'CHEBI:37941']",UMLS:C3898658,1,['CHEBI:37941'],,missing_drug
"['CHEBI:15365', 'CHEBI:50690']",MONDO:0000831,1,['CHEBI:50690'],,missing_drug
"['CHEBI:15365', 'CHEBI:50690']",MONDO:0005264,1,['CHEBI:50690'],,missing_drug
"['CHEBI:15365', 'CHEBI:50690']",MONDO:0005439,1,['CHEBI:50690'],,missing_drug
"['CHEBI:15365', 'CHEBI:50690']",MONDO:0011374,1,['CHEBI:50690'],,missing_drug
"['CHEBI:15365', 'CHEBI:50690']",UMLS:C0919822,1,['CHEBI:50690'],UMLS:C0919822,missing_drug+missing_disease
"['CHEBI:15365', 'CHEBI:50690']",UMLS:C4324389,1,['CHEBI:50690'],UMLS:C4324389,missing_drug+missing_disease
"['CHEBI:15365', 'CHEBI:51209']",UMLS:C0852402,1,[],UMLS:C0852402,missing_disease
"['CHEBI:15365', 'CHEBI:63618']",UMLS:C1320716,1,['CHEBI:63618'],,missing_drug
"['CHEBI:15365', 'CHEBI:9588']",UMLS:C3889030,1,[],UMLS:C3889030,missing_disease
"['CHEBI:15366', 'CHEBI:15366', 'CHEBI:30136', 'UNII:80EHD8I43D']",UMLS:C0740437,1,[],UMLS:C0740437,missing_disease
"['CHEBI:15366', 'CHEBI:17650']",UMLS:C0740437,1,['CHEBI:17650'],UMLS:C0740437,missing_drug+missing_disease
"['CHEBI:15367', 'CHEBI:16199']",UMLS:C0851421,1,[],UMLS:C0851421,missing_disease
"['CHEBI:15367', 'CHEBI:205919', 'CHEBI:6942']",MONDO:0004907,1,['CHEBI:205919'],,missing_drug
"['CHEBI:15367', 'CHEBI:42355']",MONDO:0006607,1,['CHEBI:42355'],,missing_drug
"['CHEBI:15397', 'CHEBI:15409', 'CHEBI:28621', 'CHEBI:28621', 'CHEBI:31832', 'CHEBI:3374', 'CHEBI:36773', 'CHEBI:36773', 'CHEBI:6456']",HP:0012531,1,"['CHEBI:36773', 'CHEBI:36773']",,missing_drug
"['CHEBI:15407', 'CHEBI:15409', 'CHEBI:31292', 'CHEBI:3614', 'CHEBI:36560', 'CHEBI:9468', 'UNII:FGL8577C9S']",MONDO:0004872,1,['UNII:FGL8577C9S'],,missing_drug
"['CHEBI:15407', 'CHEBI:4470', 'CHEBI:46195', 'CHEBI:51380']",UMLS:C0852402,1,[],UMLS:C0852402,missing_disease
"['CHEBI:15407', 'CHEBI:46195', 'CHEBI:52010', 'CHEBI:5551']",HP:0001742,1,['CHEBI:52010'],,missing_drug
"['CHEBI:15407', 'CHEBI:46195', 'CHEBI:52010', 'CHEBI:5551']",HP:0001945,1,['CHEBI:52010'],,missing_drug
"['CHEBI:15407', 'CHEBI:46195', 'CHEBI:52010', 'CHEBI:5551']",HP:0012735,1,['CHEBI:52010'],,missing_drug
"['CHEBI:15407', 'CHEBI:46195', 'CHEBI:52010', 'CHEBI:5551']",HP:0025095,1,['CHEBI:52010'],,missing_drug
"['CHEBI:15407', 'CHEBI:46195', 'CHEBI:52010', 'CHEBI:5551']",HP:0033050,1,['CHEBI:52010'],,missing_drug
"['CHEBI:15407', 'CHEBI:46195', 'CHEBI:52010', 'CHEBI:5551']",MONDO:0005709,1,['CHEBI:52010'],,missing_drug
"['CHEBI:15407', 'CHEBI:46195', 'CHEBI:52010', 'CHEBI:5551']",MONDO:0005812,1,['CHEBI:52010'],,missing_drug
"['CHEBI:15407', 'CHEBI:46195', 'CHEBI:52010', 'CHEBI:5551']",UMLS:C0281856,1,['CHEBI:52010'],,missing_drug
"['CHEBI:15407', 'CHEBI:46195', 'CHEBI:52010', 'CHEBI:5551']",UMLS:C0852402,1,['CHEBI:52010'],UMLS:C0852402,missing_drug+missing_disease
"['CHEBI:15409', 'CHEBI:18145', 'CHEBI:36773', 'CHEBI:86541']",HP:0002829,1,['CHEBI:36773'],,missing_drug
"['CHEBI:15409', 'CHEBI:18145', 'CHEBI:36773', 'CHEBI:86541']",HP:0003326,1,['CHEBI:36773'],,missing_drug
"['CHEBI:15409', 'CHEBI:18145', 'CHEBI:36773', 'CHEBI:86541']",HP:0003419,1,['CHEBI:36773'],,missing_drug
"['CHEBI:15409', 'CHEBI:18145', 'CHEBI:36773', 'CHEBI:86541']",HP:0009710,1,['CHEBI:36773'],,missing_drug
"['CHEBI:15409', 'CHEBI:18145', 'CHEBI:36773', 'CHEBI:86541']",HP:0009742,1,['CHEBI:36773'],,missing_drug
"['CHEBI:15409', 'CHEBI:18145', 'CHEBI:36773', 'CHEBI:86541']",HP:0020110,1,['CHEBI:36773'],,missing_drug
"['CHEBI:15409', 'CHEBI:18145', 'CHEBI:36773', 'CHEBI:86541']",UMLS:C0009938,1,['CHEBI:36773'],,missing_drug
"['CHEBI:15409', 'CHEBI:18145', 'CHEBI:36773', 'CHEBI:86541']",UMLS:C0038045,1,['CHEBI:36773'],,missing_drug
"['CHEBI:15409', 'CHEBI:27607', 'CHEBI:28093', 'CHEBI:31832', 'CHEBI:36773']",HP:0002829,1,['CHEBI:36773'],,missing_drug
"['CHEBI:15409', 'CHEBI:27607', 'CHEBI:28093', 'CHEBI:31832', 'CHEBI:36773']",HP:0003326,1,['CHEBI:36773'],,missing_drug
"['CHEBI:15409', 'CHEBI:27607', 'CHEBI:28093', 'CHEBI:31832', 'CHEBI:36773']",HP:0003418,1,['CHEBI:36773'],,missing_drug
"['CHEBI:15409', 'CHEBI:27607', 'CHEBI:28093', 'CHEBI:31832', 'CHEBI:36773']",MONDO:0005578,1,['CHEBI:36773'],,missing_drug
"['CHEBI:15409', 'CHEBI:27607', 'CHEBI:28093', 'CHEBI:31832', 'CHEBI:36773']",UMLS:C0009938,1,['CHEBI:36773'],,missing_drug
"['CHEBI:15409', 'CHEBI:27607', 'CHEBI:28093', 'CHEBI:31832', 'CHEBI:36773']",UMLS:C0038045,1,['CHEBI:36773'],,missing_drug
"['CHEBI:15409', 'CHEBI:27607', 'CHEBI:28093', 'CHEBI:31832', 'CHEBI:36773']",UMLS:C0080194,1,['CHEBI:36773'],,missing_drug
"['CHEBI:15409', 'CHEBI:27607', 'CHEBI:31832', 'CHEBI:36773']",HP:0002829,1,['CHEBI:36773'],,missing_drug
"['CHEBI:15409', 'CHEBI:27607', 'CHEBI:31832', 'CHEBI:36773']",HP:0003326,1,['CHEBI:36773'],,missing_drug
"['CHEBI:15409', 'CHEBI:27607', 'CHEBI:31832', 'CHEBI:36773']",HP:0003418,1,['CHEBI:36773'],,missing_drug
"['CHEBI:15409', 'CHEBI:27607', 'CHEBI:31832', 'CHEBI:36773']",HP:0003552,1,['CHEBI:36773'],,missing_drug
"['CHEBI:15409', 'CHEBI:27607', 'CHEBI:31832', 'CHEBI:36773']",HP:0003750,1,['CHEBI:36773'],,missing_drug
"['CHEBI:15409', 'CHEBI:27607', 'CHEBI:31832', 'CHEBI:36773']",MONDO:0005578,1,['CHEBI:36773'],,missing_drug
"['CHEBI:15409', 'CHEBI:27607', 'CHEBI:31832', 'CHEBI:36773']",UMLS:C0009938,1,['CHEBI:36773'],,missing_drug
"['CHEBI:15409', 'CHEBI:27607', 'CHEBI:31832', 'CHEBI:36773']",UMLS:C0038045,1,['CHEBI:36773'],,missing_drug
"['CHEBI:15409', 'CHEBI:27607', 'CHEBI:31832', 'CHEBI:36773']",UMLS:C0751371,1,['CHEBI:36773'],,missing_drug
"['CHEBI:15409', 'CHEBI:27607', 'CHEBI:36773']",HP:0003326,1,['CHEBI:36773'],,missing_drug
"['CHEBI:15409', 'CHEBI:27607', 'CHEBI:36773']",HP:0003418,1,['CHEBI:36773'],,missing_drug
"['CHEBI:15409', 'CHEBI:27607', 'CHEBI:36773']",UMLS:C0038045,1,['CHEBI:36773'],,missing_drug
"['CHEBI:15409', 'CHEBI:27607', 'CHEBI:36773']",UMLS:C0080194,1,['CHEBI:36773'],,missing_drug
"['CHEBI:15409', 'CHEBI:27607', 'CHEBI:36773', 'UNII:2R04ONI662', 'UNII:XJ6RUH0O4G']",HP:0012735,1,['CHEBI:36773'],,missing_drug
"['CHEBI:15409', 'CHEBI:27961', 'CHEBI:31832', 'CHEBI:36773']",HP:0003326,1,['CHEBI:36773'],,missing_drug
"['CHEBI:15409', 'CHEBI:27961', 'CHEBI:31832', 'CHEBI:36773']",MONDO:0002406,1,['CHEBI:36773'],,missing_drug
"['CHEBI:15409', 'CHEBI:28304', 'CHEBI:86541']",NCIT:C50579,1,[],NCIT:C50579,missing_disease
"['CHEBI:15409', 'CHEBI:28621', 'CHEBI:28621', 'CHEBI:31832', 'CHEBI:3374', 'CHEBI:36773', 'CHEBI:36773', 'CHEBI:6456']",NCIT:C3244,1,"['CHEBI:36773', 'CHEBI:36773']",,missing_drug
"['CHEBI:15409', 'CHEBI:31206', 'CHEBI:4636']",UMLS:C0264222,1,[],UMLS:C0264222,missing_disease
"['CHEBI:15409', 'CHEBI:31832', 'CHEBI:36773']",HP:0002829,1,['CHEBI:36773'],,missing_drug
"['CHEBI:15409', 'CHEBI:31832', 'CHEBI:36773']",HP:0003326,1,['CHEBI:36773'],,missing_drug
"['CHEBI:15409', 'CHEBI:31832', 'CHEBI:36773']",HP:0003418,1,['CHEBI:36773'],,missing_drug
"['CHEBI:15409', 'CHEBI:31832', 'CHEBI:36773']",MONDO:0005578,1,['CHEBI:36773'],,missing_drug
"['CHEBI:15409', 'CHEBI:31832', 'CHEBI:36773']",UMLS:C0009938,1,['CHEBI:36773'],,missing_drug
"['CHEBI:15409', 'CHEBI:31832', 'CHEBI:36773']",UMLS:C0038045,1,['CHEBI:36773'],,missing_drug
"['CHEBI:15409', 'CHEBI:31832', 'CHEBI:36773']",UMLS:C0080194,1,['CHEBI:36773'],,missing_drug
"['CHEBI:15409', 'CHEBI:31832', 'CHEBI:36773', 'CHEBI:46936']",MONDO:0005554,1,['CHEBI:36773'],,missing_drug
"['CHEBI:15409', 'CHEBI:31832', 'CHEBI:36773', 'UNII:2R04ONI662']",HP:0002653,1,['CHEBI:36773'],,missing_drug
"['CHEBI:15409', 'CHEBI:31832', 'CHEBI:36773', 'UNII:2R04ONI662']",HP:0002829,1,['CHEBI:36773'],,missing_drug
"['CHEBI:15409', 'CHEBI:31832', 'CHEBI:36773', 'UNII:2R04ONI662']",HP:0003326,1,['CHEBI:36773'],,missing_drug
"['CHEBI:15409', 'CHEBI:31832', 'CHEBI:36773', 'UNII:2R04ONI662']",HP:0003418,1,['CHEBI:36773'],,missing_drug
"['CHEBI:15409', 'CHEBI:31832', 'CHEBI:36773', 'UNII:2R04ONI662']",HP:0003419,1,['CHEBI:36773'],,missing_drug
"['CHEBI:15409', 'CHEBI:31832', 'CHEBI:36773', 'UNII:2R04ONI662']",HP:0032510,1,['CHEBI:36773'],,missing_drug
"['CHEBI:15409', 'CHEBI:31832', 'CHEBI:36773', 'UNII:2R04ONI662']",MONDO:0005578,1,['CHEBI:36773'],,missing_drug
"['CHEBI:15409', 'CHEBI:31832', 'CHEBI:36773', 'UNII:2R04ONI662']",UMLS:C0009938,1,['CHEBI:36773'],,missing_drug
"['CHEBI:15409', 'CHEBI:31832', 'CHEBI:36773', 'UNII:2R04ONI662']",UMLS:C0038045,1,['CHEBI:36773'],,missing_drug
"['CHEBI:15409', 'CHEBI:31832', 'CHEBI:36773', 'UNII:2R04ONI662']",UMLS:C0080194,1,['CHEBI:36773'],,missing_drug
"['CHEBI:15409', 'CHEBI:31832', 'CHEBI:36773', 'UNII:2R04ONI662']",UMLS:C0751371,1,['CHEBI:36773'],,missing_drug
"['CHEBI:15409', 'CHEBI:31832', 'CHEBI:36773', 'UNII:2R04ONI662']",UMLS:C2609048,1,['CHEBI:36773'],UMLS:C2609048,missing_drug+missing_disease
"['CHEBI:15409', 'CHEBI:31832', 'CHEBI:36773', 'UNII:2R04ONI662', 'UNII:AV092KU4JH']",HP:0002829,1,['CHEBI:36773'],,missing_drug
"['CHEBI:15409', 'CHEBI:31832', 'CHEBI:36773', 'UNII:2R04ONI662', 'UNII:AV092KU4JH']",HP:0003326,1,['CHEBI:36773'],,missing_drug
"['CHEBI:15409', 'CHEBI:31832', 'CHEBI:36773', 'UNII:2R04ONI662', 'UNII:AV092KU4JH']",HP:0003394,1,['CHEBI:36773'],,missing_drug
"['CHEBI:15409', 'CHEBI:31832', 'CHEBI:36773', 'UNII:2R04ONI662', 'UNII:AV092KU4JH']",HP:0003418,1,['CHEBI:36773'],,missing_drug
"['CHEBI:15409', 'CHEBI:31832', 'CHEBI:36773', 'UNII:2R04ONI662', 'UNII:AV092KU4JH']",HP:0030834,1,['CHEBI:36773'],,missing_drug
"['CHEBI:15409', 'CHEBI:33130', 'UNII:FML8G1U0Y3']",NCIT:C78213,1,[],NCIT:C78213,missing_disease
"['CHEBI:15409', 'CHEBI:3374', 'CHEBI:36773', 'CHEBI:88839']",HP:0002829,1,['CHEBI:36773'],,missing_drug
"['CHEBI:15409', 'CHEBI:3374', 'CHEBI:36773', 'CHEBI:88839']",HP:0003326,1,['CHEBI:36773'],,missing_drug
"['CHEBI:15409', 'CHEBI:3374', 'CHEBI:36773', 'CHEBI:88839']",HP:0005986,1,['CHEBI:36773'],,missing_drug
"['CHEBI:15409', 'CHEBI:3374', 'CHEBI:36773', 'CHEBI:88839']",UMLS:C0009938,1,['CHEBI:36773'],,missing_drug
"['CHEBI:15409', 'CHEBI:3374', 'CHEBI:36773', 'CHEBI:88839']",UMLS:C0038045,1,['CHEBI:36773'],,missing_drug
"['CHEBI:15409', 'CHEBI:3374', 'CHEBI:36773', 'CHEBI:88839']",UMLS:C0877023,1,['CHEBI:36773'],UMLS:C0877023,missing_drug+missing_disease
"['CHEBI:15409', 'CHEBI:36560', 'DRUGBANK:DB11058', 'DRUGBANK:DB11112']",HP:0012531,1,['DRUGBANK:DB11112'],,missing_drug
"['CHEBI:15409', 'CHEBI:36560', 'DRUGBANK:DB11058', 'DRUGBANK:DB11112']",MONDO:0002406,1,['DRUGBANK:DB11112'],,missing_drug
"['CHEBI:15409', 'CHEBI:36560', 'DRUGBANK:DB11058', 'DRUGBANK:DB11112']",NCIT:C35297,1,['DRUGBANK:DB11112'],,missing_drug
"['CHEBI:15409', 'CHEBI:36560', 'DRUGBANK:DB11058', 'DRUGBANK:DB11112']",UMLS:C0033775,1,['DRUGBANK:DB11112'],,missing_drug
"['CHEBI:15409', 'CHEBI:36773']",HP:0001742,1,['CHEBI:36773'],,missing_drug
"['CHEBI:15409', 'CHEBI:36773', 'CHEBI:39561']",HP:0000989,1,['CHEBI:36773'],,missing_drug
"['CHEBI:15409', 'CHEBI:36773', 'CHEBI:39561']",HP:0012531,1,['CHEBI:36773'],,missing_drug
"['CHEBI:15409', 'CHEBI:36773', 'CHEBI:39561']",MONDO:0002406,1,['CHEBI:36773'],,missing_drug
"['CHEBI:15409', 'CHEBI:36773', 'CHEBI:39561']",MONDO:0006547,1,['CHEBI:36773'],,missing_drug
"['CHEBI:15409', 'CHEBI:36773', 'CHEBI:39561']",UMLS:C0006435,1,['CHEBI:36773'],,missing_drug
"['CHEBI:15409', 'CHEBI:36773', 'CHEBI:39561']",UMLS:C0021564,1,['CHEBI:36773'],,missing_drug
"['CHEBI:15409', 'CHEBI:36773', 'CHEBI:46936', 'CHEBI:86541']",HP:0002829,1,['CHEBI:36773'],,missing_drug
"['CHEBI:15409', 'CHEBI:36773', 'CHEBI:46936', 'CHEBI:86541']",HP:0003326,1,['CHEBI:36773'],,missing_drug
"['CHEBI:15409', 'CHEBI:36773', 'CHEBI:46936', 'CHEBI:86541']",HP:0003419,1,['CHEBI:36773'],,missing_drug
"['CHEBI:15409', 'CHEBI:36773', 'CHEBI:46936', 'CHEBI:86541']",HP:0009742,1,['CHEBI:36773'],,missing_drug
"['CHEBI:15409', 'CHEBI:36773', 'CHEBI:46936', 'CHEBI:86541']",UMLS:C0009938,1,['CHEBI:36773'],,missing_drug
"['CHEBI:15409', 'CHEBI:36773', 'CHEBI:46936', 'CHEBI:86541']",UMLS:C0038045,1,['CHEBI:36773'],,missing_drug
"['CHEBI:15409', 'CHEBI:36773', 'UNII:2R04ONI662']",HP:0003326,1,['CHEBI:36773'],,missing_drug
"['CHEBI:15409', 'CHEBI:36773', 'UNII:2R04ONI662']",HP:0012735,1,['CHEBI:36773'],,missing_drug
"['CHEBI:15409', 'CHEBI:36773', 'UNII:2R04ONI662', 'UNII:AV092KU4JH']",HP:0001742,1,['CHEBI:36773'],,missing_drug
"['CHEBI:15409', 'CHEBI:36773', 'UNII:2R04ONI662', 'UNII:AV092KU4JH']",HP:0003326,1,['CHEBI:36773'],,missing_drug
"['CHEBI:15409', 'CHEBI:36773', 'UNII:2R04ONI662', 'UNII:AV092KU4JH']",HP:0012735,1,['CHEBI:36773'],,missing_drug
"['CHEBI:15409', 'CHEBI:8378', 'UNII:5EL163606Q', 'UNII:NQ14646378']",UMLS:C4286025,1,[],UMLS:C4286025,missing_disease
"['CHEBI:15409', 'DRUGBANK:DB11082']",MONDO:0005083,1,['DRUGBANK:DB11082'],,missing_drug
"['CHEBI:15409', 'DRUGBANK:DB11082']",MONDO:0006608,1,['DRUGBANK:DB11082'],,missing_drug
"['CHEBI:15409', 'DRUGBANK:DB11082']",MONDO:0006609,1,['DRUGBANK:DB11082'],,missing_drug
"['CHEBI:15409', 'DRUGBANK:DB11082']",MONDO:0009848,1,['DRUGBANK:DB11082'],,missing_drug
"['CHEBI:15409', 'DRUGBANK:DB11082']",NCIT:C50743,1,['DRUGBANK:DB11082'],,missing_drug
"['CHEBI:15409', 'DRUGBANK:DB11338', 'UNII:2R04ONI662']",UMLS:C0278138,1,[],UMLS:C0278138,missing_disease
"['CHEBI:15603', 'CHEBI:16414', 'CHEBI:17191']",UMLS:C1704207,1,[],UMLS:C1704207,missing_disease
"['CHEBI:15640', 'CHEBI:15641', 'CHEBI:15908', 'CHEBI:16238', 'CHEBI:16908', 'CHEBI:17750', 'CHEBI:18303', 'CHEBI:18405', 'CHEBI:18408', 'CHEBI:185218', 'CHEBI:27470', 'UNII:0N1G678593', 'UNII:8B4OP7RK5N', 'UNII:9TI35313XW']",MONDO:0004574,1,"['UNII:0N1G678593', 'UNII:8B4OP7RK5N']",,missing_drug
"['CHEBI:15640', 'CHEBI:15641', 'CHEBI:15908', 'CHEBI:16238', 'CHEBI:16908', 'CHEBI:17750', 'CHEBI:18303', 'CHEBI:18405', 'CHEBI:18408', 'CHEBI:185218', 'CHEBI:27470', 'UNII:0N1G678593', 'UNII:8B4OP7RK5N', 'UNII:9TI35313XW']",MONDO:0008228,1,"['UNII:0N1G678593', 'UNII:8B4OP7RK5N']",,missing_drug
"['CHEBI:15640', 'CHEBI:31941', 'CHEBI:46345', 'UNII:6A901E312A']",UMLS:C4721579,1,[],UMLS:C4721579,missing_disease
"['CHEBI:15640', 'CHEBI:46345']",UMLS:C4721579,1,[],UMLS:C4721579,missing_disease
"['CHEBI:15640', 'CHEBI:46345', 'CHEBI:5971']",UMLS:C4721579,1,[],UMLS:C4721579,missing_disease
"['CHEBI:15676', 'CHEBI:17650', 'CHEBI:17698', 'CHEBI:29385', 'CHEBI:32322']",MONDO:0011438,1,"['CHEBI:17650', 'CHEBI:17698']",,missing_drug
"['CHEBI:15676', 'CHEBI:17754', 'DRUGBANK:DB14139']",HP:0030161,1,['DRUGBANK:DB14139'],,missing_drug
"['CHEBI:15676', 'CHEBI:28304', 'DRUGBANK:DB10548']",HP:0100699,1,['DRUGBANK:DB10548'],,missing_drug
"['CHEBI:15676', 'DRUGBANK:DB11082']",MONDO:0006608,1,['DRUGBANK:DB11082'],,missing_drug
"['CHEBI:15765', 'CHEBI:39585']",MONDO:0001945,1,['CHEBI:39585'],,missing_drug
"['CHEBI:15765', 'CHEBI:39585']",MONDO:0005391,1,['CHEBI:39585'],,missing_drug
"['CHEBI:15765', 'CHEBI:39585']",MONDO:0014231,1,['CHEBI:39585'],,missing_drug
"['CHEBI:15765', 'CHEBI:39585']",MONDO:0017638,1,['CHEBI:39585'],,missing_drug
"['CHEBI:15765', 'CHEBI:39585', 'CHEBI:4798']",MONDO:0014231,1,['CHEBI:39585'],,missing_drug
"['CHEBI:15765', 'CHEBI:39585', 'CHEBI:4798']",UMLS:C0521984,1,['CHEBI:39585'],,missing_drug
"['CHEBI:15765', 'CHEBI:39585', 'CHEBI:63617']",MONDO:0014231,1,"['CHEBI:39585', 'CHEBI:63617']",,missing_drug
"['CHEBI:15765', 'CHEBI:39585', 'CHEBI:63630']",MONDO:0005180,1,['CHEBI:39585'],,missing_drug
"['CHEBI:15765', 'CHEBI:39585', 'CHEBI:9086']",MONDO:0014231,1,['CHEBI:39585'],,missing_drug
"['CHEBI:15765', 'CHEBI:59919']",MONDO:0005180,1,['CHEBI:59919'],,missing_drug
"['CHEBI:15811', 'CHEBI:17439', 'CHEBI:18050']",NCIT:C181246,1,[],NCIT:C181246,missing_disease
"['CHEBI:15882', 'CHEBI:29385', 'DRUGBANK:DB11082']",MONDO:0002406,1,['DRUGBANK:DB11082'],,missing_drug
"['CHEBI:15882', 'CHEBI:29385', 'DRUGBANK:DB11082']",MONDO:0005083,1,['DRUGBANK:DB11082'],,missing_drug
"['CHEBI:15940', 'CHEBI:15956']",UMLS:C0342951,0,[],UMLS:C0342951,missing_disease
"['CHEBI:15940', 'CHEBI:17015']",UMLS:C0342951,0,[],UMLS:C0342951,missing_disease
"['CHEBI:15940', 'CHEBI:18067']",UMLS:C0342951,0,[],UMLS:C0342951,missing_disease
"['CHEBI:15940', 'CHEBI:18145']",UMLS:C0342951,0,[],UMLS:C0342951,missing_disease
"['CHEBI:15940', 'CHEBI:18385']",UMLS:C0342951,0,['CHEBI:18385'],UMLS:C0342951,missing_drug+missing_disease
"['CHEBI:15940', 'CHEBI:22652']",UMLS:C0342951,0,[],UMLS:C0342951,missing_disease
"['CHEBI:15940', 'CHEBI:27300']",UMLS:C0342951,0,[],UMLS:C0342951,missing_disease
"['CHEBI:15940', 'CHEBI:27306']",UMLS:C0342951,0,['CHEBI:27306'],UMLS:C0342951,missing_drug+missing_disease
"['CHEBI:15940', 'CHEBI:27373']",UMLS:C0342951,0,[],UMLS:C0342951,missing_disease
"['CHEBI:15940', 'CHEBI:27470']",UMLS:C0342951,0,[],UMLS:C0342951,missing_disease
"['CHEBI:15940', 'CHEBI:30411']",UMLS:C0342951,0,[],UMLS:C0342951,missing_disease
"['CHEBI:15940', 'CHEBI:94731']",UMLS:C4708664,0,[],UMLS:C4708664,missing_disease
"['CHEBI:15940', 'UNII:JTL8B7TVW7']",UMLS:C0342951,0,['UNII:JTL8B7TVW7'],UMLS:C0342951,missing_drug+missing_disease
"['CHEBI:15956', 'CHEBI:16709', 'CHEBI:17015', 'CHEBI:17154', 'CHEBI:17439', 'CHEBI:18385', 'CHEBI:7916']",MONDO:0042976,1,['CHEBI:18385'],,missing_drug
"['CHEBI:15956', 'CHEBI:28659']",UMLS:C0573813,0,[],UMLS:C0573813,missing_disease
"['CHEBI:16080', 'CHEBI:49575']",UMLS:C0948391,1,[],UMLS:C0948391,missing_disease
"['CHEBI:16199', 'CHEBI:17650']",HP:0033120,1,['CHEBI:17650'],,missing_drug
"['CHEBI:16199', 'CHEBI:17650']",MONDO:0002406,1,['CHEBI:17650'],,missing_drug
"['CHEBI:16199', 'CHEBI:17650']",MONDO:0004980,1,['CHEBI:17650'],,missing_drug
"['CHEBI:16199', 'CHEBI:17650']",MONDO:0005083,1,['CHEBI:17650'],,missing_drug
"['CHEBI:16199', 'CHEBI:17650']",MONDO:0005326,1,['CHEBI:17650'],,missing_drug
"['CHEBI:16199', 'CHEBI:17650']",MONDO:0005480,1,['CHEBI:17650'],,missing_drug
"['CHEBI:16199', 'CHEBI:17650']",MONDO:0006540,1,['CHEBI:17650'],,missing_drug
"['CHEBI:16199', 'CHEBI:17650']",MONDO:0006570,1,['CHEBI:17650'],,missing_drug
"['CHEBI:16199', 'CHEBI:17650']",MONDO:0006608,1,['CHEBI:17650'],,missing_drug
"['CHEBI:16199', 'CHEBI:17650']",UMLS:C0021564,1,['CHEBI:17650'],,missing_drug
"['CHEBI:16199', 'CHEBI:17650']",UMLS:C0549201,1,['CHEBI:17650'],,missing_drug
"['CHEBI:16199', 'CHEBI:17650']",UMLS:C0863090,1,['CHEBI:17650'],,missing_drug
"['CHEBI:16199', 'CHEBI:17650']",UMLS:C4286025,1,['CHEBI:17650'],UMLS:C4286025,missing_drug+missing_disease
"['CHEBI:16199', 'CHEBI:17650']",UMLS:C5441647,1,['CHEBI:17650'],UMLS:C5441647,missing_drug+missing_disease
"['CHEBI:16236', 'CHEBI:184335', 'CHEBI:4470', 'UNII:61ZBX54883']",HP:0012735,1,['UNII:61ZBX54883'],,missing_drug
"['CHEBI:16335', 'DRUGBANK:DB14256', 'UNII:L4EL31FWIL']",UMLS:C0424499,1,[],UMLS:C0424499,missing_disease
"['CHEBI:16336', 'CHEBI:17754', 'UNII:K679OBS311']",UMLS:C0234655,1,[],UMLS:C0234655,missing_disease
"['CHEBI:16336', 'CHEBI:31933']",UMLS:C0339164,1,[],UMLS:C0339164,missing_disease
"['CHEBI:16336', 'CHEBI:47381']",MONDO:0005173,1,['CHEBI:47381'],,missing_drug
"['CHEBI:16336', 'CHEBI:9328']",UMLS:C0006434,1,['CHEBI:9328'],,missing_drug
"['CHEBI:16336', 'CHEBI:9328']",UMLS:C0042344,1,['CHEBI:9328'],,missing_drug
"['CHEBI:164200', 'CHEBI:34393']",UMLS:C0011593,1,[],UMLS:C0011593,missing_disease
"['CHEBI:16422', 'CHEBI:16581', 'CHEBI:17263', 'CHEBI:17347', 'CHEBI:2710', 'DRUGBANK:DB09100']",MONDO:0001889,1,['CHEBI:17347'],,missing_drug
"['CHEBI:16422', 'CHEBI:16581', 'CHEBI:17263', 'CHEBI:17347', 'CHEBI:2710', 'DRUGBANK:DB09100']",MONDO:0010139,1,['CHEBI:17347'],,missing_drug
"['CHEBI:16422', 'CHEBI:16581', 'CHEBI:17263', 'CHEBI:17347', 'CHEBI:2710', 'DRUGBANK:DB09100']",UMLS:C0404445,1,['CHEBI:17347'],,missing_drug
"['CHEBI:16422', 'CHEBI:16581', 'CHEBI:17263', 'CHEBI:17347', 'CHEBI:2710', 'DRUGBANK:DB09100']",UMLS:C0853662,1,['CHEBI:17347'],,missing_drug
"['CHEBI:16469', 'CHEBI:50742']",UMLS:C0747771,1,[],UMLS:C0747771,missing_disease
"['CHEBI:16469', 'UNII:2W8I1S6T5L']",CHEBI:41922,0,['UNII:2W8I1S6T5L'],,missing_drug
"['CHEBI:16469', 'UNII:2W8I1S6T5L']",HP:0001681,0,['UNII:2W8I1S6T5L'],,missing_drug
"['CHEBI:16469', 'UNII:2W8I1S6T5L']",HP:0002625,0,['UNII:2W8I1S6T5L'],,missing_drug
"['CHEBI:16469', 'UNII:2W8I1S6T5L']",HP:0002910,0,['UNII:2W8I1S6T5L'],,missing_drug
"['CHEBI:16469', 'UNII:2W8I1S6T5L']",HP:0025343,0,['UNII:2W8I1S6T5L'],,missing_drug
"['CHEBI:16469', 'UNII:2W8I1S6T5L']",HP:0040298,0,['UNII:2W8I1S6T5L'],,missing_drug
"['CHEBI:16469', 'UNII:2W8I1S6T5L']",MONDO:0000755,0,['UNII:2W8I1S6T5L'],,missing_drug
"['CHEBI:16469', 'UNII:2W8I1S6T5L']",MONDO:0002304,0,['UNII:2W8I1S6T5L'],,missing_drug
"['CHEBI:16469', 'UNII:2W8I1S6T5L']",MONDO:0004743,0,['UNII:2W8I1S6T5L'],,missing_drug
"['CHEBI:16469', 'UNII:2W8I1S6T5L']",MONDO:0005098,0,['UNII:2W8I1S6T5L'],,missing_drug
"['CHEBI:16469', 'UNII:2W8I1S6T5L']",MONDO:0005154,0,['UNII:2W8I1S6T5L'],,missing_drug
"['CHEBI:16469', 'UNII:2W8I1S6T5L']",MONDO:0005279,0,['UNII:2W8I1S6T5L'],,missing_drug
"['CHEBI:16469', 'UNII:2W8I1S6T5L']",MONDO:0005386,0,['UNII:2W8I1S6T5L'],,missing_drug
"['CHEBI:16469', 'UNII:2W8I1S6T5L']",MONDO:0005399,0,['UNII:2W8I1S6T5L'],,missing_drug
"['CHEBI:16469', 'UNII:2W8I1S6T5L']",MONDO:0006716,0,['UNII:2W8I1S6T5L'],,missing_drug
"['CHEBI:16469', 'UNII:2W8I1S6T5L']",MONDO:0007254,0,['UNII:2W8I1S6T5L'],,missing_drug
"['CHEBI:16469', 'UNII:2W8I1S6T5L']",MONDO:0008560,0,['UNII:2W8I1S6T5L'],,missing_drug
"['CHEBI:16469', 'UNII:2W8I1S6T5L']",MONDO:0011962,0,['UNII:2W8I1S6T5L'],,missing_drug
"['CHEBI:16469', 'UNII:2W8I1S6T5L']",MONDO:0019142,0,['UNII:2W8I1S6T5L'],,missing_drug
"['CHEBI:16469', 'UNII:2W8I1S6T5L']",UMLS:C0854381,0,['UNII:2W8I1S6T5L'],,missing_drug
"['CHEBI:16469', 'UNII:2W8I1S6T5L']",UMLS:C0855239,0,['UNII:2W8I1S6T5L'],,missing_drug
"['CHEBI:16469', 'UNII:2W8I1S6T5L']",UMLS:C0877371,0,['UNII:2W8I1S6T5L'],,missing_drug
"['CHEBI:16469', 'UNII:2W8I1S6T5L']",UMLS:C1277190,0,['UNII:2W8I1S6T5L'],UMLS:C1277190,missing_drug+missing_disease
"['CHEBI:16469', 'UNII:2W8I1S6T5L']",UMLS:C1277614,0,['UNII:2W8I1S6T5L'],UMLS:C1277614,missing_drug+missing_disease
"['CHEBI:16469', 'UNII:2W8I1S6T5L']",UMLS:C3805038,0,['UNII:2W8I1S6T5L'],UMLS:C3805038,missing_drug+missing_disease
"['CHEBI:16684', 'CHEBI:4534']",UMLS:C0947873,1,[],UMLS:C0947873,missing_disease
"['CHEBI:16684', 'CHEBI:8354']",UMLS:C0573242,1,[],UMLS:C0573242,missing_disease
"['CHEBI:16709', 'CHEBI:17015', 'CHEBI:17154', 'CHEBI:18385']",UMLS:C0852222,1,['CHEBI:18385'],UMLS:C0852222,missing_drug+missing_disease
"['CHEBI:16709', 'CHEBI:17015', 'CHEBI:17154', 'CHEBI:18385', 'UNII:UM5219H89V']",UMLS:C0852222,1,['CHEBI:18385'],UMLS:C0852222,missing_drug+missing_disease
"['CHEBI:16709', 'CHEBI:17154', 'CHEBI:17621', 'CHEBI:18385', 'CHEBI:31608']",MONDO:0001357,1,['CHEBI:18385'],,missing_drug
"['CHEBI:16709', 'CHEBI:17154', 'CHEBI:17621', 'CHEBI:18385', 'CHEBI:31608']",MONDO:0042976,1,['CHEBI:18385'],,missing_drug
"['CHEBI:16709', 'CHEBI:17439', 'CHEBI:18385']",HP:0100503,1,['CHEBI:18385'],,missing_drug
"['CHEBI:16709', 'CHEBI:17439', 'CHEBI:18385']",MONDO:0002122,1,['CHEBI:18385'],,missing_drug
"['CHEBI:16709', 'CHEBI:17439', 'CHEBI:18385']",MONDO:0004574,1,['CHEBI:18385'],,missing_drug
"['CHEBI:16709', 'CHEBI:17439', 'CHEBI:18385']",MONDO:0020696,1,['CHEBI:18385'],,missing_drug
"['CHEBI:16709', 'CHEBI:17439', 'CHEBI:18385', 'CHEBI:46195']",HP:0003326,1,['CHEBI:18385'],,missing_drug
"['CHEBI:16709', 'CHEBI:17439', 'CHEBI:18385', 'CHEBI:46195']",UMLS:C0281856,1,['CHEBI:18385'],,missing_drug
"['CHEBI:16709', 'CHEBI:17439', 'CHEBI:18385', 'CHEBI:6456']",MONDO:0002280,1,['CHEBI:18385'],,missing_drug
"['CHEBI:16709', 'CHEBI:17439', 'CHEBI:18385', 'CHEBI:6456']",MONDO:0006496,1,['CHEBI:18385'],,missing_drug
"['CHEBI:16709', 'CHEBI:17439', 'CHEBI:18385', 'CHEBI:6456']",MONDO:0042976,1,['CHEBI:18385'],,missing_drug
"['CHEBI:16709', 'CHEBI:17621', 'CHEBI:18248', 'CHEBI:18385']",UMLS:C0240066,1,['CHEBI:18385'],,missing_drug
"['CHEBI:16709', 'CHEBI:18385']",HP:0100503,1,['CHEBI:18385'],,missing_drug
"['CHEBI:16709', 'CHEBI:18385']",MONDO:0004574,1,['CHEBI:18385'],,missing_drug
"['CHEBI:16714', 'CHEBI:46195', 'CHEBI:52010']",MONDO:0005709,1,['CHEBI:52010'],,missing_drug
"['CHEBI:16714', 'CHEBI:46195', 'CHEBI:52010']",MONDO:0005812,1,['CHEBI:52010'],,missing_drug
"['CHEBI:16714', 'CHEBI:47381']",HP:0012531,1,['CHEBI:47381'],,missing_drug
"['CHEBI:16714', 'CHEBI:51209', 'CHEBI:5551', 'CHEBI:84116']",MONDO:0005709,1,['CHEBI:84116'],,missing_drug
"['CHEBI:16714', 'CHEBI:51209', 'CHEBI:5551', 'CHEBI:84116']",MONDO:0025598,1,['CHEBI:84116'],,missing_drug
"['CHEBI:16714', 'CHEBI:51209', 'CHEBI:84116']",UMLS:C0041912,1,['CHEBI:84116'],,missing_drug
"['CHEBI:16714', 'CHEBI:5551']",UMLS:C0749874,1,[],UMLS:C0749874,missing_disease
"['CHEBI:16714', 'CHEBI:8461']",UMLS:C0749874,1,[],UMLS:C0749874,missing_disease
"['CHEBI:16714', 'DRUGBANK:DB13194']",HP:0001410,0,['DRUGBANK:DB13194'],,missing_drug
"['CHEBI:16714', 'DRUGBANK:DB13194']",HP:0012450,0,['DRUGBANK:DB13194'],,missing_drug
"['CHEBI:16714', 'DRUGBANK:DB13194']",MONDO:0021113,0,['DRUGBANK:DB13194'],,missing_drug
"['CHEBI:16714', 'DRUGBANK:DB13194']",UMLS:C1623040,0,['DRUGBANK:DB13194'],,missing_drug
"['CHEBI:16714', 'DRUGBANK:DB13194']",UMLS:C3203681,0,['DRUGBANK:DB13194'],UMLS:C3203681,missing_drug+missing_disease
"['CHEBI:16794', 'CHEBI:31807']",UMLS:C4728126,1,[],UMLS:C4728126,missing_disease
"['CHEBI:16794', 'CHEBI:5855']",UMLS:C0149875,1,[],UMLS:C0149875,missing_disease
"['CHEBI:16794', 'CHEBI:62088']",HP:0012531,1,['CHEBI:62088'],,missing_drug
"['CHEBI:168396', 'CHEBI:4031']",UMLS:C0238217,1,['CHEBI:168396'],,missing_drug
"['CHEBI:16914', 'CHEBI:2500']",NCIT:C50579,1,[],NCIT:C50579,missing_disease
"['CHEBI:16914', 'CHEBI:29385', 'DRUGBANK:DB11082']",MONDO:0002406,1,['DRUGBANK:DB11082'],,missing_drug
"['CHEBI:16914', 'CHEBI:29385', 'DRUGBANK:DB11082']",MONDO:0006608,1,['DRUGBANK:DB11082'],,missing_drug
"['CHEBI:16914', 'CHEBI:29385', 'DRUGBANK:DB11082']",MONDO:0006609,1,['DRUGBANK:DB11082'],,missing_drug
"['CHEBI:16914', 'CHEBI:29385', 'DRUGBANK:DB11082']",UMLS:C0406326,1,['DRUGBANK:DB11082'],,missing_drug
"['CHEBI:16914', 'CHEBI:34764']",HP:0020083,1,['CHEBI:34764'],,missing_drug
"['CHEBI:16914', 'CHEBI:34764']",MONDO:0002137,1,['CHEBI:34764'],,missing_drug
"['CHEBI:16914', 'CHEBI:34764']",MONDO:0003645,1,['CHEBI:34764'],,missing_drug
"['CHEBI:16914', 'CHEBI:34764']",MONDO:0004980,1,['CHEBI:34764'],,missing_drug
"['CHEBI:16914', 'CHEBI:34764']",MONDO:0005083,1,['CHEBI:34764'],,missing_drug
"['CHEBI:16914', 'CHEBI:34764']",MONDO:0005480,1,['CHEBI:34764'],,missing_drug
"['CHEBI:16914', 'CHEBI:34764']",MONDO:0006570,1,['CHEBI:34764'],,missing_drug
"['CHEBI:16914', 'CHEBI:34764']",MONDO:0006608,1,['CHEBI:34764'],,missing_drug
"['CHEBI:16914', 'CHEBI:34764']",MONDO:0007758,1,['CHEBI:34764'],,missing_drug
"['CHEBI:16914', 'CHEBI:34764']",MONDO:0009848,1,['CHEBI:34764'],,missing_drug
"['CHEBI:16914', 'CHEBI:34764']",MONDO:0015597,1,['CHEBI:34764'],,missing_drug
"['CHEBI:16914', 'CHEBI:34764']",MONDO:0019558,1,['CHEBI:34764'],,missing_drug
"['CHEBI:16914', 'CHEBI:34764']",UMLS:C0239816,1,['CHEBI:34764'],,missing_drug
"['CHEBI:16914', 'CHEBI:34764']",UMLS:C0263361,1,['CHEBI:34764'],UMLS:C0263361,missing_drug+missing_disease
"['CHEBI:16914', 'CHEBI:34764']",UMLS:C5441647,1,['CHEBI:34764'],UMLS:C5441647,missing_drug+missing_disease
"['CHEBI:16914', 'CHEBI:46859', 'CHEBI:78320']",MONDO:0001209,1,['CHEBI:78320'],,missing_drug
"['CHEBI:16914', 'CHEBI:78320']",MONDO:0007758,1,['CHEBI:78320'],,missing_drug
"['CHEBI:16914', 'CHEBI:78320']",UMLS:C0263631,1,['CHEBI:78320'],UMLS:C0263631,missing_drug+missing_disease
"['CHEBI:16914', 'CHEBI:78320']",UMLS:C0457978,1,['CHEBI:78320'],UMLS:C0457978,missing_drug+missing_disease
"['CHEBI:16914', 'CHEBI:9667']",UMLS:C0263361,1,[],UMLS:C0263361,missing_disease
"['CHEBI:16914', 'DRUGBANK:DB10651']",HP:0000155,1,['DRUGBANK:DB10651'],,missing_drug
"['CHEBI:16914', 'DRUGBANK:DB10651']",HP:0002027,1,['DRUGBANK:DB10651'],,missing_drug
"['CHEBI:16914', 'DRUGBANK:DB10651']",MONDO:0002508,1,['DRUGBANK:DB10651'],,missing_drug
"['CHEBI:16914', 'DRUGBANK:DB10651']",NCIT:C78325,1,['DRUGBANK:DB10651'],,missing_drug
"['CHEBI:16914', 'DRUGBANK:DB10651']",UMLS:C0235324,1,['DRUGBANK:DB10651'],,missing_drug
"['CHEBI:16914', 'DRUGBANK:DB11082']",MONDO:0005083,1,['DRUGBANK:DB11082'],,missing_drug
"['CHEBI:16914', 'DRUGBANK:DB11082', 'DRUGBANK:DB15840']",MONDO:0002406,1,['DRUGBANK:DB11082'],,missing_drug
"['CHEBI:16914', 'DRUGBANK:DB11082', 'DRUGBANK:DB15840']",MONDO:0006608,1,['DRUGBANK:DB11082'],,missing_drug
"['CHEBI:16914', 'DRUGBANK:DB11082', 'DRUGBANK:DB15840']",MONDO:0009848,1,['DRUGBANK:DB11082'],,missing_drug
"['CHEBI:16914', 'DRUGBANK:DB11082', 'DRUGBANK:DB15840']",UMLS:C0406326,1,['DRUGBANK:DB11082'],,missing_drug
"['CHEBI:16914', 'PUBCHEM.COMPOUND:6433489']",NCIT:C50579,1,[],NCIT:C50579,missing_disease
"['CHEBI:16914', 'PUBCHEM.COMPOUND:6433489']",UMLS:C3662826,1,[],UMLS:C3662826,missing_disease
"['CHEBI:16914', 'UNII:RUU8G67GQM']",MONDO:0012511,0,['UNII:RUU8G67GQM'],,missing_drug
"['CHEBI:16914', 'UNII:RUU8G67GQM']",MONDO:0019289,0,['UNII:RUU8G67GQM'],,missing_drug
"['CHEBI:16914', 'UNII:RUU8G67GQM']",UMLS:C0332798,0,['UNII:RUU8G67GQM'],,missing_drug
"['CHEBI:17015', 'CHEBI:17154', 'CHEBI:18385', 'CHEBI:22652', 'CHEBI:27300', 'CHEBI:31608', 'CHEBI:4496', 'CHEBI:6746', 'DRUGBANK:DB11128', 'UNII:2URQ2N32W3']",MONDO:0008228,1,['CHEBI:18385'],,missing_drug
"['CHEBI:17015', 'CHEBI:17154', 'CHEBI:18385', 'CHEBI:27300', 'CHEBI:27470', 'CHEBI:28869', 'CHEBI:31607', 'DRUGBANK:DB11128', 'UNII:2URQ2N32W3']",UMLS:C0271930,1,['CHEBI:18385'],UMLS:C0271930,missing_drug+missing_disease
"['CHEBI:17015', 'CHEBI:18385']",HP:0003326,1,['CHEBI:18385'],,missing_drug
"['CHEBI:17015', 'CHEBI:18385']",HP:0100503,1,['CHEBI:18385'],,missing_drug
"['CHEBI:17015', 'CHEBI:18385']",MONDO:0002122,1,['CHEBI:18385'],,missing_drug
"['CHEBI:17015', 'CHEBI:18385']",MONDO:0006676,1,['CHEBI:18385'],,missing_drug
"['CHEBI:17015', 'CHEBI:18385']",MONDO:0007020,1,['CHEBI:18385'],,missing_drug
"['CHEBI:17015', 'CHEBI:18385']",UMLS:C0264802,1,['CHEBI:18385'],UMLS:C0264802,missing_drug+missing_disease
"['CHEBI:17015', 'CHEBI:18385']",UMLS:C1096296,1,['CHEBI:18385'],UMLS:C1096296,missing_drug+missing_disease
"['CHEBI:17015', 'CHEBI:28659']",UMLS:C0573813,0,[],UMLS:C0573813,missing_disease
"['CHEBI:17051', 'CHEBI:17606', 'CHEBI:18248', 'CHEBI:27363', 'CHEBI:27568', 'CHEBI:28073', 'CHEBI:28685', 'CHEBI:28694', 'CHEBI:29035']",MONDO:0035777,1,"['CHEBI:27568', 'CHEBI:29035']",,missing_drug
"['CHEBI:17076', 'CHEBI:17698']",UMLS:C0849784,1,['CHEBI:17698'],UMLS:C0849784,missing_drug+missing_disease
"['CHEBI:17154', 'CHEBI:17439', 'CHEBI:18385', 'CHEBI:27470']",MONDO:0000004,1,['CHEBI:18385'],,missing_drug
"['CHEBI:17154', 'CHEBI:17439', 'CHEBI:18385', 'CHEBI:27470']",MONDO:0002280,1,['CHEBI:18385'],,missing_drug
"['CHEBI:17154', 'CHEBI:17439', 'CHEBI:18385', 'CHEBI:27470']",MONDO:0002281,1,['CHEBI:18385'],,missing_drug
"['CHEBI:17154', 'CHEBI:17439', 'CHEBI:18385', 'CHEBI:27470']",MONDO:0018542,1,['CHEBI:18385'],,missing_drug
"['CHEBI:17154', 'CHEBI:17621', 'CHEBI:18385']",MONDO:0001860,1,['CHEBI:18385'],,missing_drug
"['CHEBI:17154', 'CHEBI:17621', 'CHEBI:18385']",MONDO:0002280,1,['CHEBI:18385'],,missing_drug
"['CHEBI:17154', 'CHEBI:17621', 'CHEBI:18385']",MONDO:0005154,1,['CHEBI:18385'],,missing_drug
"['CHEBI:17154', 'CHEBI:17621', 'CHEBI:18385']",UMLS:C0815316,1,['CHEBI:18385'],,missing_drug
"['CHEBI:17154', 'CHEBI:17621', 'CHEBI:18385']",UMLS:C0852222,1,['CHEBI:18385'],UMLS:C0852222,missing_drug+missing_disease
"['CHEBI:17154', 'CHEBI:17621', 'CHEBI:18405', 'CHEBI:45931']",UMLS:C1142144,1,[],UMLS:C1142144,missing_disease
"['CHEBI:17154', 'CHEBI:28659']",UMLS:C0573813,0,[],UMLS:C0573813,missing_disease
"['CHEBI:17234', 'CHEBI:17754', 'CHEBI:26710']",MONDO:0006684,1,['CHEBI:17234'],,missing_drug
"['CHEBI:17234', 'CHEBI:25107', 'CHEBI:26710', 'CHEBI:29708', 'CHEBI:32588', 'CHEBI:3312', 'CHEBI:78320']",HP:0001944,1,"['CHEBI:17234', 'CHEBI:25107', 'CHEBI:78320']",,missing_drug
"['CHEBI:17234', 'CHEBI:25107', 'CHEBI:26710', 'CHEBI:30769', 'CHEBI:32588', 'CHEBI:3312']",HP:0001944,1,"['CHEBI:17234', 'CHEBI:25107']",,missing_drug
"['CHEBI:17234', 'CHEBI:25107', 'CHEBI:26710', 'CHEBI:32029', 'CHEBI:32588', 'CHEBI:32954', 'CHEBI:33198']",MONDO:0000440,1,"['CHEBI:17234', 'CHEBI:25107']",,missing_drug
"['CHEBI:17234', 'CHEBI:25107', 'CHEBI:26710', 'CHEBI:32139', 'CHEBI:32588', 'CHEBI:3312']",MONDO:0002492,1,"['CHEBI:17234', 'CHEBI:25107']",,missing_drug
"['CHEBI:17234', 'CHEBI:25107', 'CHEBI:26710', 'CHEBI:32145', 'CHEBI:32588', 'CHEBI:3312', 'CHEBI:6650']",HP:0001986,1,"['CHEBI:17234', 'CHEBI:25107']",,missing_drug
"['CHEBI:17234', 'CHEBI:25107', 'CHEBI:26710', 'CHEBI:32145', 'CHEBI:32588', 'CHEBI:3312', 'CHEBI:6650']",UMLS:C1112600,1,"['CHEBI:17234', 'CHEBI:25107']",UMLS:C1112600,missing_drug+missing_disease
"['CHEBI:17234', 'CHEBI:25107', 'CHEBI:26710', 'CHEBI:32588', 'CHEBI:32954', 'CHEBI:3312']",UMLS:C0235395,1,"['CHEBI:17234', 'CHEBI:25107']",,missing_drug
"['CHEBI:17234', 'CHEBI:25107', 'CHEBI:26710', 'CHEBI:32588', 'CHEBI:32954', 'CHEBI:3312']",UMLS:C0860006,1,"['CHEBI:17234', 'CHEBI:25107']",UMLS:C0860006,missing_drug+missing_disease
"['CHEBI:17234', 'CHEBI:25107', 'CHEBI:26710', 'CHEBI:32588', 'CHEBI:32954', 'CHEBI:3312']",UMLS:C1112600,1,"['CHEBI:17234', 'CHEBI:25107']",UMLS:C1112600,missing_drug+missing_disease
"['CHEBI:17234', 'CHEBI:25107', 'CHEBI:26710', 'CHEBI:32588', 'CHEBI:32954', 'CHEBI:33198']",MONDO:0000440,1,"['CHEBI:17234', 'CHEBI:25107']",,missing_drug
"['CHEBI:17234', 'CHEBI:25107', 'CHEBI:26710', 'CHEBI:32588', 'CHEBI:32954', 'CHEBI:33198']",UMLS:C0855232,1,"['CHEBI:17234', 'CHEBI:25107']",UMLS:C0855232,missing_drug+missing_disease
"['CHEBI:17234', 'CHEBI:25107', 'CHEBI:26710', 'CHEBI:32588', 'CHEBI:3312']",HP:0001986,1,"['CHEBI:17234', 'CHEBI:25107']",,missing_drug
"['CHEBI:17234', 'CHEBI:25107', 'CHEBI:26710', 'CHEBI:32588', 'CHEBI:3312']",UMLS:C0235395,1,"['CHEBI:17234', 'CHEBI:25107']",,missing_drug
"['CHEBI:17234', 'CHEBI:25107', 'CHEBI:26710', 'CHEBI:32588', 'CHEBI:3312']",UMLS:C1112600,1,"['CHEBI:17234', 'CHEBI:25107']",UMLS:C1112600,missing_drug+missing_disease
"['CHEBI:17234', 'CHEBI:25107', 'CHEBI:26710', 'CHEBI:32588', 'CHEBI:3312', 'CHEBI:78320']",HP:0001944,1,"['CHEBI:17234', 'CHEBI:25107', 'CHEBI:78320']",,missing_drug
"['CHEBI:17234', 'CHEBI:25107', 'CHEBI:26710', 'CHEBI:32588', 'CHEBI:34683']",HP:0001986,1,"['CHEBI:17234', 'CHEBI:25107']",,missing_drug
"['CHEBI:17234', 'CHEBI:25107', 'CHEBI:26710', 'CHEBI:32588', 'CHEBI:34683']",UMLS:C0235395,1,"['CHEBI:17234', 'CHEBI:25107']",,missing_drug
"['CHEBI:17234', 'CHEBI:25107', 'CHEBI:26710', 'CHEBI:32588', 'CHEBI:34683', 'CHEBI:78320']",HP:0001944,1,"['CHEBI:17234', 'CHEBI:25107', 'CHEBI:78320']",,missing_drug
"['CHEBI:17234', 'CHEBI:25107', 'CHEBI:32588', 'CHEBI:34683', 'CHEBI:63036', 'CHEBI:78320']",HP:0001944,1,"['CHEBI:17234', 'CHEBI:25107', 'CHEBI:78320']",,missing_drug
"['CHEBI:17234', 'CHEBI:25107', 'CHEBI:32588', 'CHEBI:34683', 'CHEBI:63036', 'CHEBI:78320']",MONDO:0006022,1,"['CHEBI:17234', 'CHEBI:25107', 'CHEBI:78320']",,missing_drug
"['CHEBI:17234', 'CHEBI:25107', 'CHEBI:32588', 'CHEBI:34683', 'CHEBI:63036', 'CHEBI:78320']",UMLS:C0006434,1,"['CHEBI:17234', 'CHEBI:25107', 'CHEBI:78320']",,missing_drug
"['CHEBI:17234', 'CHEBI:25107', 'CHEBI:32588', 'CHEBI:34683', 'CHEBI:63036', 'CHEBI:78320']",UMLS:C0947873,1,"['CHEBI:17234', 'CHEBI:25107', 'CHEBI:78320']",UMLS:C0947873,missing_drug+missing_disease
"['CHEBI:17234', 'CHEBI:26216']",MONDO:0002909,0,['CHEBI:17234'],,missing_drug
"['CHEBI:17234', 'CHEBI:26216', 'CHEBI:26710']",UMLS:C0851480,1,['CHEBI:17234'],UMLS:C0851480,missing_drug+missing_disease
"['CHEBI:17234', 'CHEBI:26216', 'CHEBI:26710']",UMLS:C1321013,1,['CHEBI:17234'],UMLS:C1321013,missing_drug+missing_disease
"['CHEBI:17234', 'CHEBI:26710']",HP:0001944,1,['CHEBI:17234'],,missing_drug
"['CHEBI:17234', 'CHEBI:26710', 'CHEBI:29708', 'CHEBI:30769', 'CHEBI:32588']",HP:0001944,1,['CHEBI:17234'],,missing_drug
"['CHEBI:17234', 'CHEBI:26710', 'CHEBI:29708', 'CHEBI:30769', 'CHEBI:64733']",HP:0001944,1,['CHEBI:17234'],,missing_drug
"['CHEBI:17234', 'CHEBI:26710', 'CHEBI:29708', 'CHEBI:64733']",HP:0001944,1,['CHEBI:17234'],,missing_drug
"['CHEBI:17234', 'CHEBI:26710', 'CHEBI:30769', 'CHEBI:30769', 'CHEBI:64733']",HP:0001944,1,['CHEBI:17234'],,missing_drug
"['CHEBI:17234', 'CHEBI:26710', 'CHEBI:30769', 'CHEBI:32588']",HP:0001944,1,['CHEBI:17234'],,missing_drug
"['CHEBI:17234', 'CHEBI:26710', 'CHEBI:32029', 'CHEBI:62964']",MONDO:0000440,1,['CHEBI:17234'],,missing_drug
"['CHEBI:17234', 'CHEBI:26710', 'CHEBI:32029', 'CHEBI:62964', 'CHEBI:62964']",MONDO:0024306,1,['CHEBI:17234'],,missing_drug
"['CHEBI:17234', 'CHEBI:28787']",HP:0001681,1,['CHEBI:17234'],,missing_drug
"['CHEBI:17234', 'CHEBI:32588']",UMLS:C0947897,1,['CHEBI:17234'],UMLS:C0947897,missing_drug+missing_disease
"['CHEBI:17234', 'CHEBI:4670']",MONDO:0005009,1,['CHEBI:17234'],,missing_drug
"['CHEBI:17234', 'CHEBI:4670']",MONDO:0005252,1,['CHEBI:17234'],,missing_drug
"['CHEBI:172943', 'CHEBI:31536', 'CHEBI:90923']",UMLS:C0877599,1,[],UMLS:C0877599,missing_disease
"['CHEBI:17347', 'CHEBI:17347']",HP:0000823,1,"['CHEBI:17347', 'CHEBI:17347']",,missing_drug
"['CHEBI:17347', 'CHEBI:17347', 'CHEBI:17347', 'CHEBI:35002']",MONDO:0000050,1,"['CHEBI:17347', 'CHEBI:17347', 'CHEBI:17347']",,missing_drug
"['CHEBI:17347', 'CHEBI:17347', 'CHEBI:17347', 'CHEBI:35002']",MONDO:0005298,1,"['CHEBI:17347', 'CHEBI:17347', 'CHEBI:17347']",,missing_drug
"['CHEBI:17347', 'CHEBI:17347', 'CHEBI:17347', 'CHEBI:35002']",NCIT:C129259,1,"['CHEBI:17347', 'CHEBI:17347', 'CHEBI:17347']",,missing_drug
"['CHEBI:17439', 'CHEBI:18385', 'CHEBI:30314']",MONDO:0020696,1,['CHEBI:18385'],,missing_drug
"['CHEBI:17439', 'CHEBI:18385', 'CHEBI:30314']",UMLS:C0271685,1,['CHEBI:18385'],,missing_drug
"['CHEBI:17439', 'CHEBI:28659']",UMLS:C0573813,0,[],UMLS:C0573813,missing_disease
"['CHEBI:175901', 'CHEBI:31355', 'UNII:2S9ZZM9Q9V']",UMLS:C0861873,1,[],UMLS:C0861873,missing_disease
"['CHEBI:17606', 'CHEBI:17824']",UMLS:C0851439,1,[],UMLS:C0851439,missing_disease
"['CHEBI:17650', 'CHEBI:17650', 'CHEBI:29013', 'CHEBI:29013']",MONDO:0002406,1,"['CHEBI:17650', 'CHEBI:17650']",,missing_drug
"['CHEBI:17650', 'CHEBI:17650', 'CHEBI:29013', 'CHEBI:29013']",MONDO:0043233,1,"['CHEBI:17650', 'CHEBI:17650']",,missing_drug
"['CHEBI:17650', 'CHEBI:17650', 'CHEBI:7507']",HP:0100534,1,"['CHEBI:17650', 'CHEBI:17650']",HP:0100534,missing_drug+missing_disease
"['CHEBI:17650', 'CHEBI:17650', 'CHEBI:7507']",MONDO:0001718,1,"['CHEBI:17650', 'CHEBI:17650']",,missing_drug
"['CHEBI:17650', 'CHEBI:17650', 'CHEBI:7507']",MONDO:0003085,1,"['CHEBI:17650', 'CHEBI:17650']",,missing_drug
"['CHEBI:17650', 'CHEBI:17650', 'CHEBI:7507']",MONDO:0004773,1,"['CHEBI:17650', 'CHEBI:17650']",,missing_drug
"['CHEBI:17650', 'CHEBI:17650', 'CHEBI:7507']",MONDO:0005642,1,"['CHEBI:17650', 'CHEBI:17650']",,missing_drug
"['CHEBI:17650', 'CHEBI:17650', 'CHEBI:7507']",MONDO:0006814,1,"['CHEBI:17650', 'CHEBI:17650']",,missing_drug
"['CHEBI:17650', 'CHEBI:17650', 'CHEBI:7507']",UMLS:C4285790,1,"['CHEBI:17650', 'CHEBI:17650']",UMLS:C4285790,missing_drug+missing_disease
"['CHEBI:17650', 'CHEBI:17650', 'CHEBI:7507']",UMLS:C4551678,1,"['CHEBI:17650', 'CHEBI:17650']",UMLS:C4551678,missing_drug+missing_disease
"['CHEBI:17650', 'CHEBI:17650', 'CHEBI:7507']",UMLS:C5848914,1,"['CHEBI:17650', 'CHEBI:17650']",,missing_drug
"['CHEBI:17650', 'CHEBI:17698']",MONDO:0002137,1,"['CHEBI:17650', 'CHEBI:17698']",,missing_drug
"['CHEBI:17650', 'CHEBI:17698']",MONDO:0005113,1,"['CHEBI:17650', 'CHEBI:17698']",,missing_drug
"['CHEBI:17650', 'CHEBI:17698']",MONDO:0021201,1,"['CHEBI:17650', 'CHEBI:17698']",,missing_drug
"['CHEBI:17650', 'CHEBI:23765', 'CHEBI:27565', 'CHEBI:28077', 'CHEBI:3371', 'CHEBI:40009', 'CHEBI:40050', 'CHEBI:45285', 'CHEBI:45304', 'CHEBI:45367', 'CHEBI:4877', 'CHEBI:4885', 'CHEBI:5587', 'CHEBI:6030', 'CHEBI:72292']",MONDO:0006052,1,['CHEBI:17650'],,missing_drug
"['CHEBI:17650', 'CHEBI:2453']",MONDO:0043653,1,['CHEBI:17650'],,missing_drug
"['CHEBI:17650', 'CHEBI:247956']",HP:0012390,1,['CHEBI:17650'],,missing_drug
"['CHEBI:17650', 'CHEBI:247956']",MONDO:0005538,1,['CHEBI:17650'],,missing_drug
"['CHEBI:17650', 'CHEBI:247956']",UMLS:C0947872,1,['CHEBI:17650'],UMLS:C0947872,missing_drug+missing_disease
"['CHEBI:17650', 'CHEBI:247956', 'CHEBI:4853', 'CHEBI:7507']",HP:0012390,1,['CHEBI:17650'],,missing_drug
"['CHEBI:17650', 'CHEBI:247956', 'CHEBI:4853', 'CHEBI:7507']",MONDO:0000754,1,['CHEBI:17650'],,missing_drug
"['CHEBI:17650', 'CHEBI:247956', 'CHEBI:4853', 'CHEBI:7507']",MONDO:0004872,1,['CHEBI:17650'],,missing_drug
"['CHEBI:17650', 'CHEBI:247956', 'CHEBI:4853', 'CHEBI:7507']",MONDO:0005538,1,['CHEBI:17650'],,missing_drug
"['CHEBI:17650', 'CHEBI:247956', 'CHEBI:4853', 'CHEBI:7507']",UMLS:C0033775,1,['CHEBI:17650'],,missing_drug
"['CHEBI:17650', 'CHEBI:247956', 'CHEBI:7507']",MONDO:0004872,1,['CHEBI:17650'],,missing_drug
"['CHEBI:17650', 'CHEBI:28669', 'CHEBI:7507', 'CHEBI:8310']",MONDO:0002137,1,['CHEBI:17650'],,missing_drug
"['CHEBI:17650', 'CHEBI:28669', 'CHEBI:7507', 'CHEBI:8310']",MONDO:0004768,1,['CHEBI:17650'],,missing_drug
"['CHEBI:17650', 'CHEBI:28669', 'CHEBI:7507', 'CHEBI:8310']",UMLS:C4551678,1,['CHEBI:17650'],UMLS:C4551678,missing_drug+missing_disease
"['CHEBI:17650', 'CHEBI:31439']",HP:0000989,1,['CHEBI:17650'],,missing_drug
"['CHEBI:17650', 'CHEBI:31439']",MONDO:0002406,1,['CHEBI:17650'],,missing_drug
"['CHEBI:17650', 'CHEBI:31439']",UMLS:C0947839,1,['CHEBI:17650'],UMLS:C0947839,missing_drug+missing_disease
"['CHEBI:17650', 'CHEBI:36560', 'CHEBI:6456', 'UNII:80EHD8I43D']",MONDO:0004872,1,['CHEBI:17650'],,missing_drug
"['CHEBI:17650', 'CHEBI:36560', 'CHEBI:6456', 'UNII:FGL8577C9S']",HP:0012390,1,"['CHEBI:17650', 'UNII:FGL8577C9S']",,missing_drug
"['CHEBI:17650', 'CHEBI:36560', 'CHEBI:6456', 'UNII:FGL8577C9S']",MONDO:0004872,1,"['CHEBI:17650', 'UNII:FGL8577C9S']",,missing_drug
"['CHEBI:17650', 'CHEBI:36560', 'CHEBI:6456', 'UNII:FGL8577C9S']",MONDO:0005538,1,"['CHEBI:17650', 'UNII:FGL8577C9S']",,missing_drug
"['CHEBI:17650', 'CHEBI:36560', 'CHEBI:6456', 'UNII:FGL8577C9S']",NCIT:C34887,1,"['CHEBI:17650', 'UNII:FGL8577C9S']",,missing_drug
"['CHEBI:17650', 'CHEBI:36560', 'CHEBI:6456', 'UNII:FGL8577C9S']",UMLS:C0033775,1,"['CHEBI:17650', 'UNII:FGL8577C9S']",,missing_drug
"['CHEBI:17650', 'CHEBI:3764']",MONDO:0001405,1,['CHEBI:17650'],,missing_drug
"['CHEBI:17650', 'CHEBI:3764']",MONDO:0001461,1,['CHEBI:17650'],,missing_drug
"['CHEBI:17650', 'CHEBI:3764']",MONDO:0005915,1,['CHEBI:17650'],,missing_drug
"['CHEBI:17650', 'CHEBI:3764']",MONDO:0005984,1,['CHEBI:17650'],,missing_drug
"['CHEBI:17650', 'CHEBI:3764']",UMLS:C0040938,1,['CHEBI:17650'],,missing_drug
"['CHEBI:17650', 'CHEBI:3764']",UMLS:C0343863,1,['CHEBI:17650'],,missing_drug
"['CHEBI:17650', 'CHEBI:37943', 'CHEBI:7507']",UMLS:C0521833,1,"['CHEBI:17650', 'CHEBI:37943']",,missing_drug
"['CHEBI:17650', 'CHEBI:37943', 'CHEBI:7507', 'CHEBI:94514']",UMLS:C0740437,1,"['CHEBI:17650', 'CHEBI:37943']",UMLS:C0740437,missing_drug+missing_disease
"['CHEBI:17650', 'CHEBI:37943', 'CHEBI:7507', 'CHEBI:94514']",UMLS:C1699099,1,"['CHEBI:17650', 'CHEBI:37943']",,missing_drug
"['CHEBI:17650', 'CHEBI:46859']",HP:0012390,1,['CHEBI:17650'],,missing_drug
"['CHEBI:17650', 'CHEBI:46859']",MONDO:0019084,1,['CHEBI:17650'],,missing_drug
"['CHEBI:17650', 'CHEBI:46859']",UMLS:C0033775,1,['CHEBI:17650'],,missing_drug
"['CHEBI:17650', 'CHEBI:46859']",UMLS:C4286025,1,['CHEBI:17650'],UMLS:C4286025,missing_drug+missing_disease
"['CHEBI:17650', 'CHEBI:6456']",HP:0012390,1,['CHEBI:17650'],,missing_drug
"['CHEBI:17650', 'CHEBI:6456']",UMLS:C0033775,1,['CHEBI:17650'],,missing_drug
"['CHEBI:17650', 'CHEBI:6456']",UMLS:C0238634,1,['CHEBI:17650'],,missing_drug
"['CHEBI:17650', 'CHEBI:6456', 'CHEBI:7507', 'CHEBI:8310']",UMLS:C0521833,1,['CHEBI:17650'],,missing_drug
"['CHEBI:17650', 'CHEBI:6762']",HP:0000989,1,['CHEBI:17650'],,missing_drug
"['CHEBI:17650', 'CHEBI:6762']",MONDO:0004980,1,['CHEBI:17650'],,missing_drug
"['CHEBI:17650', 'CHEBI:6762']",MONDO:0005492,1,['CHEBI:17650'],,missing_drug
"['CHEBI:17650', 'CHEBI:6762']",UMLS:C0021564,1,['CHEBI:17650'],,missing_drug
"['CHEBI:17650', 'CHEBI:6923']",MONDO:0021201,1,['CHEBI:17650'],,missing_drug
"['CHEBI:17650', 'CHEBI:6923']",MONDO:0024268,1,['CHEBI:17650'],,missing_drug
"['CHEBI:17650', 'CHEBI:6923']",UMLS:C0011974,1,['CHEBI:17650'],,missing_drug
"['CHEBI:17650', 'CHEBI:6923']",UMLS:C1322253,1,['CHEBI:17650'],,missing_drug
"['CHEBI:17650', 'CHEBI:6923']",UMLS:C1323189,1,['CHEBI:17650'],,missing_drug
"['CHEBI:17650', 'CHEBI:74460']",HP:0032004,1,['CHEBI:17650'],,missing_drug
"['CHEBI:17650', 'CHEBI:74460']",HP:0033120,1,['CHEBI:17650'],,missing_drug
"['CHEBI:17650', 'CHEBI:74460']",HP:0033564,1,['CHEBI:17650'],,missing_drug
"['CHEBI:17650', 'CHEBI:74460']",MONDO:0001405,1,['CHEBI:17650'],,missing_drug
"['CHEBI:17650', 'CHEBI:74460']",MONDO:0001461,1,['CHEBI:17650'],,missing_drug
"['CHEBI:17650', 'CHEBI:74460']",MONDO:0002406,1,['CHEBI:17650'],,missing_drug
"['CHEBI:17650', 'CHEBI:74460']",MONDO:0002922,1,['CHEBI:17650'],,missing_drug
"['CHEBI:17650', 'CHEBI:74460']",MONDO:0004980,1,['CHEBI:17650'],,missing_drug
"['CHEBI:17650', 'CHEBI:74460']",MONDO:0005230,1,['CHEBI:17650'],,missing_drug
"['CHEBI:17650', 'CHEBI:74460']",MONDO:0005480,1,['CHEBI:17650'],,missing_drug
"['CHEBI:17650', 'CHEBI:74460']",MONDO:0005886,1,['CHEBI:17650'],,missing_drug
"['CHEBI:17650', 'CHEBI:74460']",MONDO:0005984,1,['CHEBI:17650'],,missing_drug
"['CHEBI:17650', 'CHEBI:74460']",MONDO:0006552,1,['CHEBI:17650'],,missing_drug
"['CHEBI:17650', 'CHEBI:74460']",MONDO:0006570,1,['CHEBI:17650'],,missing_drug
"['CHEBI:17650', 'CHEBI:74460']",MONDO:0011438,1,['CHEBI:17650'],,missing_drug
"['CHEBI:17650', 'CHEBI:74460']",MONDO:0021340,1,['CHEBI:17650'],,missing_drug
"['CHEBI:17650', 'CHEBI:74460']",UMLS:C0033775,1,['CHEBI:17650'],,missing_drug
"['CHEBI:17650', 'CHEBI:74460']",UMLS:C0040250,1,['CHEBI:17650'],,missing_drug
"['CHEBI:17650', 'CHEBI:74460']",UMLS:C0086196,1,['CHEBI:17650'],UMLS:C0086196,missing_drug+missing_disease
"['CHEBI:17650', 'CHEBI:74460']",UMLS:C0151217,1,['CHEBI:17650'],UMLS:C0151217,missing_drug+missing_disease
"['CHEBI:17650', 'CHEBI:74460']",UMLS:C0241873,1,['CHEBI:17650'],UMLS:C0241873,missing_drug+missing_disease
"['CHEBI:17650', 'CHEBI:7507']",MONDO:0004592,1,['CHEBI:17650'],,missing_drug
"['CHEBI:17650', 'CHEBI:7507']",MONDO:0005504,1,['CHEBI:17650'],,missing_drug
"['CHEBI:17650', 'CHEBI:7507']",MONDO:0006614,1,['CHEBI:17650'],,missing_drug
"['CHEBI:17650', 'CHEBI:7507']",MONDO:0025598,1,['CHEBI:17650'],,missing_drug
"['CHEBI:17650', 'CHEBI:7507', 'CHEBI:8310']",MONDO:0004795,1,['CHEBI:17650'],,missing_drug
"['CHEBI:17650', 'CHEBI:7507', 'CHEBI:8310']",MONDO:0005113,1,['CHEBI:17650'],,missing_drug
"['CHEBI:17650', 'CHEBI:7507', 'CHEBI:8310']",MONDO:0020710,1,['CHEBI:17650'],,missing_drug
"['CHEBI:17650', 'CHEBI:7507', 'CHEBI:8310']",MONDO:0021666,1,['CHEBI:17650'],,missing_drug
"['CHEBI:17650', 'CHEBI:77898']",MONDO:0002040,1,['CHEBI:17650'],,missing_drug
"['CHEBI:17650', 'CHEBI:8357']",MONDO:0002406,1,['CHEBI:17650'],,missing_drug
"['CHEBI:17650', 'CHEBI:8357']",MONDO:0005093,1,['CHEBI:17650'],,missing_drug
"['CHEBI:176844', 'CHEBI:68642', 'CHEBI:8378']",MONDO:0007915,1,['CHEBI:68642'],,missing_drug
"['CHEBI:176844', 'CHEBI:68642', 'CHEBI:8382']",MONDO:0007915,1,['CHEBI:68642'],,missing_drug
"['CHEBI:176844', 'CHEBI:68642', 'CHEBI:8382']",MONDO:0008315,1,['CHEBI:68642'],,missing_drug
"['CHEBI:17698', 'CHEBI:27644', 'CHEBI:7507']",UMLS:C0043241,1,['CHEBI:17698'],,missing_drug
"['CHEBI:17698', 'CHEBI:27902', 'CHEBI:37943']",MONDO:0001249,1,"['CHEBI:17698', 'CHEBI:37943']",,missing_drug
"['CHEBI:17698', 'CHEBI:27902', 'CHEBI:37943']",MONDO:0001465,1,"['CHEBI:17698', 'CHEBI:37943']",,missing_drug
"['CHEBI:17698', 'CHEBI:27902', 'CHEBI:37943']",MONDO:0004055,1,"['CHEBI:17698', 'CHEBI:37943']",,missing_drug
"['CHEBI:17698', 'CHEBI:27902', 'CHEBI:37943']",MONDO:0004577,1,"['CHEBI:17698', 'CHEBI:37943']",,missing_drug
"['CHEBI:17698', 'CHEBI:27902', 'CHEBI:37943']",MONDO:0006668,1,"['CHEBI:17698', 'CHEBI:37943']",,missing_drug
"['CHEBI:17698', 'CHEBI:27902', 'CHEBI:37943']",UMLS:C0854211,1,"['CHEBI:17698', 'CHEBI:37943']",,missing_drug
"['CHEBI:17698', 'CHEBI:27902', 'CHEBI:37943']",UMLS:C4285790,1,"['CHEBI:17698', 'CHEBI:37943']",UMLS:C4285790,missing_drug+missing_disease
"['CHEBI:17698', 'CHEBI:28674', 'CHEBI:41879']",UMLS:C0270996,1,"['CHEBI:17698', 'CHEBI:28674', 'CHEBI:41879']",UMLS:C0270996,missing_drug+missing_disease
"['CHEBI:17698', 'CHEBI:3077']",UMLS:C0015404,1,['CHEBI:17698'],,missing_drug
"['CHEBI:17698', 'CHEBI:3077', 'CHEBI:37943', 'CHEBI:63334']",HP:0100534,1,"['CHEBI:17698', 'CHEBI:37943']",HP:0100534,missing_drug+missing_disease
"['CHEBI:17698', 'CHEBI:3077', 'CHEBI:37943', 'CHEBI:63334']",MONDO:0001718,1,"['CHEBI:17698', 'CHEBI:37943']",,missing_drug
"['CHEBI:17698', 'CHEBI:3077', 'CHEBI:37943', 'CHEBI:63334']",MONDO:0002307,1,"['CHEBI:17698', 'CHEBI:37943']",,missing_drug
"['CHEBI:17698', 'CHEBI:3077', 'CHEBI:37943', 'CHEBI:63334']",MONDO:0003085,1,"['CHEBI:17698', 'CHEBI:37943']",,missing_drug
"['CHEBI:17698', 'CHEBI:3077', 'CHEBI:37943', 'CHEBI:63334']",MONDO:0003799,1,"['CHEBI:17698', 'CHEBI:37943']",,missing_drug
"['CHEBI:17698', 'CHEBI:3077', 'CHEBI:37943', 'CHEBI:63334']",MONDO:0004768,1,"['CHEBI:17698', 'CHEBI:37943']",,missing_drug
"['CHEBI:17698', 'CHEBI:3077', 'CHEBI:37943', 'CHEBI:63334']",MONDO:0020283,1,"['CHEBI:17698', 'CHEBI:37943']",,missing_drug
"['CHEBI:17698', 'CHEBI:3077', 'CHEBI:37943', 'CHEBI:63334']",UMLS:C0271308,1,"['CHEBI:17698', 'CHEBI:37943']",,missing_drug
"['CHEBI:17698', 'CHEBI:3077', 'CHEBI:37943', 'CHEBI:63334']",UMLS:C0851800,1,"['CHEBI:17698', 'CHEBI:37943']",UMLS:C0851800,missing_drug+missing_disease
"['CHEBI:17698', 'CHEBI:3077', 'CHEBI:37943', 'CHEBI:63334']",UMLS:C4285790,1,"['CHEBI:17698', 'CHEBI:37943']",UMLS:C4285790,missing_drug+missing_disease
"['CHEBI:17698', 'CHEBI:3077', 'CHEBI:37943', 'CHEBI:63334']",UMLS:C4551678,1,"['CHEBI:17698', 'CHEBI:37943']",UMLS:C4551678,missing_drug+missing_disease
"['CHEBI:17698', 'CHEBI:41879']",MONDO:0003085,1,"['CHEBI:17698', 'CHEBI:41879']",,missing_drug
"['CHEBI:17698', 'CHEBI:41879']",MONDO:0005504,1,"['CHEBI:17698', 'CHEBI:41879']",,missing_drug
"['CHEBI:17698', 'CHEBI:41879']",MONDO:0005642,1,"['CHEBI:17698', 'CHEBI:41879']",,missing_drug
"['CHEBI:17698', 'CHEBI:41879']",MONDO:0006668,1,"['CHEBI:17698', 'CHEBI:41879']",,missing_drug
"['CHEBI:17698', 'CHEBI:41879']",MONDO:0020283,1,"['CHEBI:17698', 'CHEBI:41879']",,missing_drug
"['CHEBI:17698', 'CHEBI:41879']",MONDO:0043885,1,"['CHEBI:17698', 'CHEBI:41879']",,missing_drug
"['CHEBI:17698', 'CHEBI:63334']",MONDO:0001031,0,['CHEBI:17698'],,missing_drug
"['CHEBI:17698', 'CHEBI:63334']",MONDO:0001642,0,['CHEBI:17698'],,missing_drug
"['CHEBI:17698', 'CHEBI:63334']",MONDO:0003799,0,['CHEBI:17698'],,missing_drug
"['CHEBI:17698', 'CHEBI:63334']",MONDO:0004577,0,['CHEBI:17698'],,missing_drug
"['CHEBI:17698', 'CHEBI:63334']",MONDO:0004609,0,['CHEBI:17698'],,missing_drug
"['CHEBI:17698', 'CHEBI:63334']",MONDO:0004785,0,['CHEBI:17698'],,missing_drug
"['CHEBI:17698', 'CHEBI:63334']",MONDO:0006668,0,['CHEBI:17698'],,missing_drug
"['CHEBI:17698', 'CHEBI:63334']",MONDO:0006875,0,['CHEBI:17698'],,missing_drug
"['CHEBI:17698', 'CHEBI:63334']",MONDO:0006876,0,['CHEBI:17698'],,missing_drug
"['CHEBI:17698', 'CHEBI:63334']",MONDO:0015288,0,['CHEBI:17698'],,missing_drug
"['CHEBI:17698', 'CHEBI:63334']",MONDO:0020950,0,['CHEBI:17698'],,missing_drug
"['CHEBI:17698', 'CHEBI:63334']",UMLS:C0010032,0,['CHEBI:17698'],,missing_drug
"['CHEBI:17698', 'CHEBI:63334']",UMLS:C0151571,0,['CHEBI:17698'],,missing_drug
"['CHEBI:17698', 'CHEBI:7470', 'CHEBI:8378']",UMLS:C0270996,1,['CHEBI:17698'],UMLS:C0270996,missing_drug+missing_disease
"['CHEBI:17698', 'CHEBI:7470', 'CHEBI:8378']",UMLS:C4551678,1,['CHEBI:17698'],UMLS:C4551678,missing_drug+missing_disease
"['CHEBI:17698', 'CHEBI:8378']",UMLS:C0863090,1,['CHEBI:17698'],,missing_drug
"['CHEBI:17754', 'CHEBI:53426', 'UNII:K679OBS311']",UMLS:C0234655,1,[],UMLS:C0234655,missing_disease
"['CHEBI:17754', 'UNII:8191EN8ZMD']",HP:0000155,1,['UNII:8191EN8ZMD'],,missing_drug
"['CHEBI:17754', 'UNII:K679OBS311']",UMLS:C0234655,1,[],UMLS:C0234655,missing_disease
"['CHEBI:177605', 'CHEBI:39867', 'CHEBI:7735']",MONDO:0004985,1,['CHEBI:39867'],,missing_drug
"['CHEBI:177836', 'CHEBI:22907', 'CHEBI:28445', 'CHEBI:28748']",MONDO:0004952,1,['CHEBI:22907'],,missing_drug
"['CHEBI:177836', 'CHEBI:27375', 'CHEBI:28748', 'UNII:7XL5ISS668']",UMLS:C0855068,1,['CHEBI:27375'],UMLS:C0855068,missing_drug+missing_disease
"['CHEBI:17823', 'CHEBI:2567']",MONDO:0005298,1,['CHEBI:2567'],,missing_drug
"['CHEBI:17833', 'CHEBI:18208']",MONDO:0005025,1,['CHEBI:18208'],,missing_drug
"['CHEBI:17833', 'CHEBI:3077']",UMLS:C4551678,1,[],UMLS:C4551678,missing_disease
"['CHEBI:17833', 'CHEBI:41879']",MONDO:0005642,1,['CHEBI:41879'],,missing_drug
"['CHEBI:17833', 'CHEBI:41879']",MONDO:0006668,1,['CHEBI:41879'],,missing_drug
"['CHEBI:17833', 'CHEBI:41879']",MONDO:0023865,1,['CHEBI:41879'],,missing_drug
"['CHEBI:17833', 'CHEBI:41879']",UMLS:C0015404,1,['CHEBI:41879'],,missing_drug
"['CHEBI:17833', 'CHEBI:41879']",UMLS:C4551678,1,['CHEBI:41879'],UMLS:C4551678,missing_drug+missing_disease
"['CHEBI:17833', 'CHEBI:5108']",UMLS:C1290009,1,[],UMLS:C1290009,missing_disease
"['CHEBI:17833', 'CHEBI:5108']",UMLS:C1736135,1,[],UMLS:C1736135,missing_disease
"['CHEBI:17924', 'UNII:D0Y70F2B9J']",UMLS:C0947759,0,[],UMLS:C0947759,missing_disease
"['CHEBI:17987', 'CHEBI:30746', 'CHEBI:48220']",UMLS:C0729771,1,[],UMLS:C0729771,missing_disease
"['CHEBI:18145', 'CHEBI:27436']",UMLS:C1963961,1,[],UMLS:C1963961,missing_disease
"['CHEBI:18145', 'CHEBI:28659']",UMLS:C0573813,0,[],UMLS:C0573813,missing_disease
"['CHEBI:18248', 'CHEBI:27363']",UMLS:C0235950,1,[],UMLS:C0235950,missing_disease
"['CHEBI:18248', 'CHEBI:28659']",UMLS:C0573813,0,[],UMLS:C0573813,missing_disease
"['CHEBI:18250', 'CHEBI:22652', 'CHEBI:29035', 'CHEBI:47977', 'DRUGBANK:DB14276']",MONDO:0005578,1,"['CHEBI:29035', 'DRUGBANK:DB14276']",,missing_drug
"['CHEBI:18258', 'CHEBI:18332']",MONDO:0006742,1,"['CHEBI:18258', 'CHEBI:18332']",,missing_drug
"['CHEBI:18258', 'CHEBI:18332']",MONDO:0009718,1,"['CHEBI:18258', 'CHEBI:18332']",,missing_drug
"['CHEBI:18332', 'CHEBI:8346']",MONDO:0002108,1,['CHEBI:18332'],,missing_drug
"['CHEBI:18332', 'CHEBI:8346']",MONDO:0005397,1,['CHEBI:18332'],,missing_drug
"['CHEBI:18332', 'CHEBI:8346']",MONDO:0009718,1,['CHEBI:18332'],,missing_drug
"['CHEBI:18338', 'CHEBI:27306']",MONDO:0005070,0,['CHEBI:27306'],,missing_drug
"['CHEBI:18385', 'CHEBI:26709']",MONDO:0002476,0,['CHEBI:18385'],,missing_drug
"['CHEBI:18385', 'CHEBI:26709']",MONDO:0004736,0,['CHEBI:18385'],,missing_drug
"['CHEBI:18385', 'CHEBI:26709']",MONDO:0009563,0,['CHEBI:18385'],,missing_drug
"['CHEBI:18385', 'CHEBI:28659']",CHEBI:18145,0,['CHEBI:18385'],,missing_drug
"['CHEBI:18385', 'CHEBI:28659']",CHEBI:3311,0,['CHEBI:18385'],,missing_drug
"['CHEBI:18385', 'CHEBI:28659']",HP:0002918,0,['CHEBI:18385'],,missing_drug
"['CHEBI:18385', 'CHEBI:28659']",MONDO:0001166,0,['CHEBI:18385'],,missing_drug
"['CHEBI:18385', 'CHEBI:28659']",MONDO:0001566,0,['CHEBI:18385'],,missing_drug
"['CHEBI:18385', 'CHEBI:28659']",MONDO:0008171,0,['CHEBI:18385'],,missing_drug
"['CHEBI:18385', 'CHEBI:28659']",MONDO:0018570,0,['CHEBI:18385'],,missing_drug
"['CHEBI:18385', 'CHEBI:28659']",UBERON:0001008,0,['CHEBI:18385'],,missing_drug
"['CHEBI:18385', 'CHEBI:28659']",UMLS:C0573813,0,['CHEBI:18385'],UMLS:C0573813,missing_drug+missing_disease
"['CHEBI:18385', 'CHEBI:75832']",MONDO:0001357,1,['CHEBI:18385'],,missing_drug
"['CHEBI:205919', 'CHEBI:7507']",MONDO:0004605,1,['CHEBI:205919'],,missing_drug
"['CHEBI:205919', 'CHEBI:7507']",UMLS:C1302752,1,['CHEBI:205919'],,missing_drug
"['CHEBI:22469', 'PUBCHEM.COMPOUND:2758']",UMLS:C1096063,0,['PUBCHEM.COMPOUND:2758'],,missing_drug
"['CHEBI:22469', 'PUBCHEM.COMPOUND:2758']",UMLS:C1271063,0,['PUBCHEM.COMPOUND:2758'],UMLS:C1271063,missing_drug+missing_disease
"['CHEBI:22652', 'CHEBI:27732', 'CHEBI:46195', 'CHEBI:52010']",MONDO:0005709,1,['CHEBI:52010'],,missing_drug
"['CHEBI:22652', 'CHEBI:27732', 'CHEBI:46195', 'CHEBI:52010']",MONDO:0005812,1,['CHEBI:52010'],,missing_drug
"['CHEBI:22652', 'CHEBI:27732', 'CHEBI:46195', 'CHEBI:52010', 'CHEBI:6043']",HP:0001742,1,['CHEBI:52010'],,missing_drug
"['CHEBI:22652', 'CHEBI:27732', 'CHEBI:46195', 'CHEBI:52010', 'CHEBI:6043']",HP:0001945,1,['CHEBI:52010'],,missing_drug
"['CHEBI:22652', 'CHEBI:27732', 'CHEBI:46195', 'CHEBI:52010', 'CHEBI:6043']",MONDO:0003014,1,['CHEBI:52010'],,missing_drug
"['CHEBI:22652', 'CHEBI:27732', 'CHEBI:46195', 'CHEBI:52010', 'CHEBI:6043']",MONDO:0005812,1,['CHEBI:52010'],,missing_drug
"['CHEBI:22652', 'CHEBI:28659']",UMLS:C0573813,0,[],UMLS:C0573813,missing_disease
"['CHEBI:22652', 'CHEBI:46195']",UMLS:C0743842,1,[],UMLS:C0743842,missing_disease
"['CHEBI:22652', 'CHEBI:46195', 'CHEBI:52010']",MONDO:0005709,1,['CHEBI:52010'],,missing_drug
"['CHEBI:22652', 'CHEBI:46195', 'CHEBI:52010']",MONDO:0005812,1,['CHEBI:52010'],,missing_drug
"['CHEBI:22652', 'CHEBI:48213', 'CHEBI:48220']",UMLS:C0729771,1,[],UMLS:C0729771,missing_disease
"['CHEBI:22652', 'CHEBI:52010']",MONDO:0005271,1,['CHEBI:52010'],,missing_drug
"['CHEBI:22652', 'UNII:C3B9R0E116']",MONDO:0005027,0,['UNII:C3B9R0E116'],,missing_drug
"['CHEBI:22652', 'UNII:C3B9R0E116']",MONDO:0016027,0,['UNII:C3B9R0E116'],,missing_drug
"['CHEBI:22652', 'UNII:C3B9R0E116']",UMLS:C1271063,0,['UNII:C3B9R0E116'],UMLS:C1271063,missing_drug+missing_disease
"['CHEBI:229630', 'UNII:61ZBX54883']",HP:0012735,1,['UNII:61ZBX54883'],,missing_drug
"['CHEBI:229764', 'CHEBI:41879']",CHEBI:91326,1,['CHEBI:41879'],,missing_drug
"['CHEBI:229764', 'CHEBI:41879', 'CHEBI:52717']",CHEBI:91326,1,['CHEBI:41879'],,missing_drug
"['CHEBI:22984', 'CHEBI:25107']",MONDO:0006844,1,['CHEBI:25107'],,missing_drug
"['CHEBI:22984', 'CHEBI:25107']",UMLS:C0392519,1,['CHEBI:25107'],,missing_drug
"['CHEBI:22984', 'CHEBI:2567', 'CHEBI:27300']",EFO:0003964,1,['CHEBI:2567'],EFO:0003964,missing_drug+missing_disease
"['CHEBI:22984', 'CHEBI:2567', 'CHEBI:27300']",HP:0041166,1,['CHEBI:2567'],,missing_drug
"['CHEBI:22984', 'CHEBI:2567', 'CHEBI:27300']",MONDO:0005298,1,['CHEBI:2567'],,missing_drug
"['CHEBI:22984', 'CHEBI:28659']",UMLS:C0573813,0,[],UMLS:C0573813,missing_disease
"['CHEBI:23414', 'CHEBI:27300', 'CHEBI:29035', 'CHEBI:32599', 'CHEBI:3311', 'CHEBI:35176', 'UNII:8191EN8ZMD']",MONDO:0005298,1,"['CHEBI:29035', 'CHEBI:32599', 'CHEBI:35176', 'UNII:8191EN8ZMD']",,missing_drug
"['CHEBI:23414', 'CHEBI:27568', 'CHEBI:29035', 'CHEBI:35176']",MONDO:0002970,1,"['CHEBI:27568', 'CHEBI:29035', 'CHEBI:35176']",,missing_drug
"['CHEBI:247956', 'UNII:0PA7CJ4RFB']",MONDO:0002595,0,['UNII:0PA7CJ4RFB'],,missing_drug
"['CHEBI:247956', 'UNII:0PA7CJ4RFB']",MONDO:0005700,0,['UNII:0PA7CJ4RFB'],,missing_drug
"['CHEBI:247956', 'UNII:0PA7CJ4RFB']",MONDO:0005976,0,['UNII:0PA7CJ4RFB'],,missing_drug
"['CHEBI:247956', 'UNII:0PA7CJ4RFB']",MONDO:0018076,0,['UNII:0PA7CJ4RFB'],,missing_drug
"['CHEBI:25107', 'CHEBI:26710', 'CHEBI:32139', 'CHEBI:32588', 'CHEBI:3312', 'CHEBI:34683', 'CHEBI:34683']",HP:0004360,1,['CHEBI:25107'],,missing_drug
"['CHEBI:25107', 'CHEBI:26710', 'CHEBI:32139', 'CHEBI:32588', 'CHEBI:3312', 'CHEBI:34683', 'CHEBI:34683']",UMLS:C0852198,1,['CHEBI:25107'],UMLS:C0852198,missing_drug+missing_disease
"['CHEBI:25107', 'CHEBI:26710', 'CHEBI:32588', 'CHEBI:32954']",HP:0001944,1,['CHEBI:25107'],,missing_drug
"['CHEBI:25107', 'CHEBI:26710', 'CHEBI:32588', 'CHEBI:32954']",HP:0011106,1,['CHEBI:25107'],,missing_drug
"['CHEBI:25107', 'CHEBI:26710', 'CHEBI:32588', 'CHEBI:32954']",MONDO:0000440,1,['CHEBI:25107'],,missing_drug
"['CHEBI:25107', 'CHEBI:26710', 'CHEBI:32588', 'CHEBI:32954']",UMLS:C0204837,1,['CHEBI:25107'],,missing_drug
"['CHEBI:25107', 'CHEBI:26710', 'CHEBI:32588', 'CHEBI:32954', 'CHEBI:3312']",UMLS:C0235395,1,['CHEBI:25107'],,missing_drug
"['CHEBI:25107', 'CHEBI:26710', 'CHEBI:32588', 'CHEBI:32954', 'CHEBI:3312']",UMLS:C0860006,1,['CHEBI:25107'],UMLS:C0860006,missing_drug+missing_disease
"['CHEBI:25107', 'CHEBI:26710', 'CHEBI:32588', 'CHEBI:32954', 'CHEBI:3312']",UMLS:C1112600,1,['CHEBI:25107'],UMLS:C1112600,missing_drug+missing_disease
"['CHEBI:25107', 'CHEBI:26710', 'CHEBI:32588', 'CHEBI:32954', 'CHEBI:3312', 'CHEBI:5291']",HP:0011106,1,['CHEBI:25107'],,missing_drug
"['CHEBI:25107', 'CHEBI:26710', 'CHEBI:32588', 'CHEBI:32954', 'CHEBI:3312', 'CHEBI:5291']",HP:0031274,1,['CHEBI:25107'],,missing_drug
"['CHEBI:25107', 'CHEBI:26710', 'CHEBI:32588', 'CHEBI:32954', 'CHEBI:3312', 'CHEBI:6650']",MONDO:0006022,1,['CHEBI:25107'],,missing_drug
"['CHEBI:25107', 'CHEBI:26710', 'CHEBI:32588', 'CHEBI:32954', 'CHEBI:3312', 'CHEBI:6650']",UMLS:C1112600,1,['CHEBI:25107'],UMLS:C1112600,missing_drug+missing_disease
"['CHEBI:25107', 'CHEBI:26710', 'CHEBI:32588', 'CHEBI:32954', 'CHEBI:33198']",MONDO:0000440,1,['CHEBI:25107'],,missing_drug
"['CHEBI:25107', 'CHEBI:26710', 'CHEBI:32588', 'CHEBI:32954', 'CHEBI:33198']",UMLS:C0235395,1,['CHEBI:25107'],,missing_drug
"['CHEBI:25107', 'CHEBI:26710', 'CHEBI:32588', 'CHEBI:32954', 'DRUGBANK:DB09106']",HP:0011106,1,['CHEBI:25107'],,missing_drug
"['CHEBI:25107', 'CHEBI:26710', 'CHEBI:32588', 'CHEBI:3312', 'CHEBI:78320']",UMLS:C0860006,1,"['CHEBI:25107', 'CHEBI:78320']",UMLS:C0860006,missing_drug+missing_disease
"['CHEBI:25107', 'CHEBI:26710', 'CHEBI:32588', 'CHEBI:3312', 'CHEBI:78320']",UMLS:C1112600,1,"['CHEBI:25107', 'CHEBI:78320']",UMLS:C1112600,missing_drug+missing_disease
"['CHEBI:25107', 'CHEBI:26710', 'CHEBI:32588', 'CHEBI:5291', 'CHEBI:78320']",HP:0031274,1,"['CHEBI:25107', 'CHEBI:78320']",,missing_drug
"['CHEBI:25107', 'CHEBI:27363']",MONDO:0006844,1,['CHEBI:25107'],,missing_drug
"['CHEBI:25107', 'CHEBI:27363']",UMLS:C0235950,1,['CHEBI:25107'],UMLS:C0235950,missing_drug+missing_disease
"['CHEBI:25107', 'CHEBI:28659']",CHEBI:18145,0,['CHEBI:25107'],,missing_drug
"['CHEBI:25107', 'CHEBI:28659']",CHEBI:3311,0,['CHEBI:25107'],,missing_drug
"['CHEBI:25107', 'CHEBI:28659']",HP:0002918,0,['CHEBI:25107'],,missing_drug
"['CHEBI:25107', 'CHEBI:28659']",MONDO:0001166,0,['CHEBI:25107'],,missing_drug
"['CHEBI:25107', 'CHEBI:28659']",MONDO:0001566,0,['CHEBI:25107'],,missing_drug
"['CHEBI:25107', 'CHEBI:28659']",MONDO:0008171,0,['CHEBI:25107'],,missing_drug
"['CHEBI:25107', 'CHEBI:28659']",MONDO:0018570,0,['CHEBI:25107'],,missing_drug
"['CHEBI:25107', 'CHEBI:28659']",UBERON:0001008,0,['CHEBI:25107'],,missing_drug
"['CHEBI:25107', 'CHEBI:28659']",UMLS:C0573813,0,['CHEBI:25107'],UMLS:C0573813,missing_drug+missing_disease
"['CHEBI:25187', 'DRUGBANK:DB15836']",MONDO:0012511,0,['DRUGBANK:DB15836'],,missing_drug
"['CHEBI:25187', 'DRUGBANK:DB15836']",UMLS:C0332798,0,['DRUGBANK:DB15836'],,missing_drug
"['CHEBI:2549', 'CHEBI:5106']",UMLS:C1319018,1,[],UMLS:C1319018,missing_disease
"['CHEBI:2549', 'CHEBI:77032']",HP:0031247,1,['CHEBI:77032'],,missing_drug
"['CHEBI:2549', 'CHEBI:77032']",MONDO:0004822,1,['CHEBI:77032'],,missing_drug
"['CHEBI:2567', 'CHEBI:27300']",MONDO:0005298,1,['CHEBI:2567'],,missing_drug
"['CHEBI:2567', 'CHEBI:27300']",NCIT:C15421,1,['CHEBI:2567'],,missing_drug
"['CHEBI:25681', 'CHEBI:50690']",MONDO:0011374,1,['CHEBI:50690'],,missing_drug
"['CHEBI:2666', 'CHEBI:3611']",UMLS:C0588007,1,[],UMLS:C0588007,missing_disease
"['CHEBI:2666', 'CHEBI:8028']",UMLS:C0588007,1,[],UMLS:C0588007,missing_disease
"['CHEBI:26675', 'UNII:18B8O9DQA2']",MONDO:0005276,1,['UNII:18B8O9DQA2'],,missing_drug
"['CHEBI:2668', 'CHEBI:50690']",MONDO:0005010,1,['CHEBI:50690'],,missing_drug
"['CHEBI:2668', 'CHEBI:50690']",MONDO:0005439,1,['CHEBI:50690'],,missing_drug
"['CHEBI:2668', 'CHEBI:50690']",MONDO:0006021,1,['CHEBI:50690'],,missing_drug
"['CHEBI:2668', 'CHEBI:50690']",MONDO:0007750,1,['CHEBI:50690'],,missing_drug
"['CHEBI:2668', 'CHEBI:50690']",MONDO:0007788,1,['CHEBI:50690'],,missing_drug
"['CHEBI:2668', 'CHEBI:50690']",MONDO:0018328,1,['CHEBI:50690'],,missing_drug
"['CHEBI:2668', 'CHEBI:50690']",UMLS:C0340288,1,['CHEBI:50690'],UMLS:C0340288,missing_drug+missing_disease
"['CHEBI:2668', 'CHEBI:601027']",MONDO:0005044,1,['CHEBI:601027'],,missing_drug
"['CHEBI:2668', 'CHEBI:9927']",UniProtKB:O75175,1,[],UniProtKB:O75175,missing_disease
"['CHEBI:26709', 'UMLS:C0003999']",MONDO:0002476,0,['UMLS:C0003999'],,missing_drug
"['CHEBI:26709', 'UMLS:C0003999']",MONDO:0004736,0,['UMLS:C0003999'],,missing_drug
"['CHEBI:26709', 'UMLS:C0003999']",MONDO:0009563,0,['UMLS:C0003999'],,missing_drug
"['CHEBI:26709', 'UMLS:C0025646']",MONDO:0002476,0,['UMLS:C0025646'],,missing_drug
"['CHEBI:26709', 'UMLS:C0025646']",MONDO:0004736,0,['UMLS:C0025646'],,missing_drug
"['CHEBI:26709', 'UMLS:C0025646']",MONDO:0009563,0,['UMLS:C0025646'],,missing_drug
"['CHEBI:26709', 'UMLS:C0036002']",MONDO:0002476,0,['UMLS:C0036002'],,missing_drug
"['CHEBI:26709', 'UMLS:C0036002']",MONDO:0004736,0,['UMLS:C0036002'],,missing_drug
"['CHEBI:26709', 'UMLS:C0036002']",MONDO:0009563,0,['UMLS:C0036002'],,missing_drug
"['CHEBI:26709', 'UMLS:C0042285']",MONDO:0002476,0,['UMLS:C0042285'],,missing_drug
"['CHEBI:26709', 'UMLS:C0042285']",MONDO:0004736,0,['UMLS:C0042285'],,missing_drug
"['CHEBI:26709', 'UMLS:C0042285']",MONDO:0009563,0,['UMLS:C0042285'],,missing_drug
"['CHEBI:26710', 'CHEBI:32145', 'CHEBI:32588', 'CHEBI:3312', 'CHEBI:78320']",MONDO:0000440,1,['CHEBI:78320'],,missing_drug
"['CHEBI:26710', 'CHEBI:32145', 'CHEBI:32588', 'CHEBI:3312', 'CHEBI:78320']",UMLS:C0235395,1,['CHEBI:78320'],,missing_drug
"['CHEBI:26710', 'CHEBI:32588', 'CHEBI:3312', 'CHEBI:78320']",HP:0001944,1,['CHEBI:78320'],,missing_drug
"['CHEBI:26710', 'CHEBI:32588', 'CHEBI:3312', 'CHEBI:78320']",MONDO:0000440,1,['CHEBI:78320'],,missing_drug
"['CHEBI:26710', 'CHEBI:32588', 'CHEBI:3312', 'CHEBI:78320']",MONDO:0024306,1,['CHEBI:78320'],,missing_drug
"['CHEBI:26710', 'CHEBI:32588', 'CHEBI:3312', 'CHEBI:78320']",UMLS:C0235395,1,['CHEBI:78320'],,missing_drug
"['CHEBI:26710', 'CHEBI:32588', 'CHEBI:34683', 'CHEBI:34683', 'CHEBI:78320']",MONDO:0000440,1,['CHEBI:78320'],,missing_drug
"['CHEBI:26710', 'CHEBI:32588', 'CHEBI:34683', 'CHEBI:34683', 'CHEBI:78320']",UMLS:C0852198,1,['CHEBI:78320'],UMLS:C0852198,missing_drug+missing_disease
"['CHEBI:26710', 'CHEBI:32588', 'CHEBI:78320']",MONDO:0000440,1,['CHEBI:78320'],,missing_drug
"['CHEBI:26710', 'CHEBI:32954', 'CHEBI:78320']",HP:0002902,1,['CHEBI:78320'],,missing_drug
"['CHEBI:26710', 'CHEBI:32954', 'CHEBI:78320']",MONDO:0000440,1,['CHEBI:78320'],,missing_drug
"['CHEBI:26710', 'CHEBI:33118', 'UNII:8191EN8ZMD']",MONDO:0001642,1,['UNII:8191EN8ZMD'],,missing_drug
"['CHEBI:26710', 'CHEBI:33118', 'UNII:8191EN8ZMD']",MONDO:0003799,1,['UNII:8191EN8ZMD'],,missing_drug
"['CHEBI:2676', 'CHEBI:3732', 'CHEBI:50275']",MONDO:0005113,1,['CHEBI:50275'],,missing_drug
"['CHEBI:2676', 'CHEBI:3732', 'CHEBI:50275']",UMLS:C4510851,1,['CHEBI:50275'],UMLS:C4510851,missing_drug+missing_disease
"['CHEBI:2676', 'CHEBI:3732', 'CHEBI:6375']",UMLS:C4510851,1,[],UMLS:C4510851,missing_disease
"['CHEBI:2676', 'CHEBI:45367', 'CHEBI:50275']",MONDO:0005113,1,['CHEBI:50275'],,missing_drug
"['CHEBI:2676', 'CHEBI:48947']",RXCUI:151392,0,[],RXCUI:151392,missing_disease
"['CHEBI:2676', 'CHEBI:48947']",UMLS:C0264222,1,[],UMLS:C0264222,missing_disease
"['CHEBI:2676', 'CHEBI:48947']",UMLS:C0851631,1,[],UMLS:C0851631,missing_disease
"['CHEBI:2676', 'CHEBI:48947']",UMLS:C0851989,1,[],UMLS:C0851989,missing_disease
"['CHEBI:2676', 'CHEBI:48947']",UMLS:C0852351,1,[],UMLS:C0852351,missing_disease
"['CHEBI:2676', 'CHEBI:48947']",UMLS:C5577613,1,[],UMLS:C5577613,missing_disease
"['CHEBI:2676', 'CHEBI:6375']",UMLS:C4510851,1,[],UMLS:C4510851,missing_disease
"['CHEBI:27300', 'CHEBI:28659']",UMLS:C0573813,0,[],UMLS:C0573813,missing_disease
"['CHEBI:27306', 'CHEBI:28659']",CHEBI:18145,0,['CHEBI:27306'],,missing_drug
"['CHEBI:27306', 'CHEBI:28659']",CHEBI:3311,0,['CHEBI:27306'],,missing_drug
"['CHEBI:27306', 'CHEBI:28659']",HP:0002918,0,['CHEBI:27306'],,missing_drug
"['CHEBI:27306', 'CHEBI:28659']",MONDO:0001166,0,['CHEBI:27306'],,missing_drug
"['CHEBI:27306', 'CHEBI:28659']",MONDO:0001566,0,['CHEBI:27306'],,missing_drug
"['CHEBI:27306', 'CHEBI:28659']",MONDO:0008171,0,['CHEBI:27306'],,missing_drug
"['CHEBI:27306', 'CHEBI:28659']",MONDO:0018570,0,['CHEBI:27306'],,missing_drug
"['CHEBI:27306', 'CHEBI:28659']",UBERON:0001008,0,['CHEBI:27306'],,missing_drug
"['CHEBI:27306', 'CHEBI:28659']",UMLS:C0573813,0,['CHEBI:27306'],UMLS:C0573813,missing_drug+missing_disease
"['CHEBI:27363', 'CHEBI:28659']",UMLS:C0573813,0,[],UMLS:C0573813,missing_disease
"['CHEBI:27373', 'CHEBI:28262', 'CHEBI:28304']",UMLS:C0851300,1,[],UMLS:C0851300,missing_disease
"['CHEBI:27373', 'CHEBI:3614']",UMLS:C5437085,1,[],UMLS:C5437085,missing_disease
"['CHEBI:27470', 'CHEBI:28659']",UMLS:C0573813,0,[],UMLS:C0573813,missing_disease
"['CHEBI:27568', 'CHEBI:28741', 'CHEBI:29035', 'CHEBI:30808', 'CHEBI:49553', 'CHEBI:53442', 'CHEBI:75215', 'CHEBI:8346', 'UNII:86Q357L16B']",UMLS:C0342924,1,"['CHEBI:27568', 'CHEBI:29035']",UMLS:C0342924,missing_drug+missing_disease
"['CHEBI:27568', 'CHEBI:28741', 'CHEBI:29035', 'CHEBI:30808', 'CHEBI:49553', 'CHEBI:75215', 'CHEBI:8346', 'UNII:86Q357L16B']",UMLS:C0342924,1,"['CHEBI:27568', 'CHEBI:29035']",UMLS:C0342924,missing_drug+missing_disease
"['CHEBI:27568', 'CHEBI:28741', 'CHEBI:29035', 'CHEBI:30812', 'CHEBI:49553', 'CHEBI:53442', 'CHEBI:75215', 'CHEBI:8346', 'UNII:86Q357L16B']",UMLS:C0342924,1,"['CHEBI:27568', 'CHEBI:29035']",UMLS:C0342924,missing_drug+missing_disease
"['CHEBI:27568', 'CHEBI:28741', 'CHEBI:29708', 'CHEBI:31431', 'CHEBI:31608', 'CHEBI:53442', 'CHEBI:75215', 'CHEBI:8346', 'UNII:7G09WJ8QIR']",UMLS:C0342924,1,"['CHEBI:27568', 'UNII:7G09WJ8QIR']",UMLS:C0342924,missing_drug+missing_disease
"['CHEBI:27568', 'CHEBI:29708', 'CHEBI:31431', 'CHEBI:8346', 'UNII:7G09WJ8QIR']",UMLS:C0342924,1,"['CHEBI:27568', 'UNII:7G09WJ8QIR']",UMLS:C0342924,missing_drug+missing_disease
"['CHEBI:27568', 'CHEBI:30812']",MONDO:0001751,0,['CHEBI:27568'],,missing_drug
"['CHEBI:27568', 'CHEBI:30812']",MONDO:0009380,0,['CHEBI:27568'],,missing_drug
"['CHEBI:27568', 'CHEBI:30812']",NCIT:C26943,0,['CHEBI:27568'],,missing_drug
"['CHEBI:27568', 'CHEBI:30812']",NCIT:C35607,0,['CHEBI:27568'],,missing_drug
"['CHEBI:27594', 'CHEBI:29385', 'CHEBI:34914', 'DRUGBANK:DB10651', 'UNII:3FYP5M0IJX']",MONDO:0002203,1,['DRUGBANK:DB10651'],,missing_drug
"['CHEBI:27594', 'CHEBI:29385', 'CHEBI:34914', 'DRUGBANK:DB10651', 'UNII:3FYP5M0IJX']",NCIT:C78213,1,['DRUGBANK:DB10651'],NCIT:C78213,missing_drug+missing_disease
"['CHEBI:27594', 'CHEBI:29385', 'DRUGBANK:DB10651', 'UNII:3FYP5M0IJX']",MONDO:0002203,1,['DRUGBANK:DB10651'],,missing_drug
"['CHEBI:27594', 'CHEBI:29385', 'DRUGBANK:DB10651', 'UNII:3FYP5M0IJX']",NCIT:C78213,1,['DRUGBANK:DB10651'],NCIT:C78213,missing_drug+missing_disease
"['CHEBI:27594', 'CHEBI:6637', 'DRUGBANK:DB13913', 'UNII:AV092KU4JH']",NCIT:C78213,1,[],NCIT:C78213,missing_disease
"['CHEBI:27644', 'CHEBI:9667']",UMLS:C0948998,0,[],UMLS:C0948998,missing_disease
"['CHEBI:27732', 'CHEBI:46195', 'CHEBI:52010']",MONDO:0000771,1,['CHEBI:52010'],,missing_drug
"['CHEBI:27732', 'CHEBI:46195', 'CHEBI:52010']",MONDO:0005324,1,['CHEBI:52010'],,missing_drug
"['CHEBI:27732', 'CHEBI:46195', 'CHEBI:52010']",MONDO:0005709,1,['CHEBI:52010'],,missing_drug
"['CHEBI:27732', 'CHEBI:46195', 'CHEBI:52010']",MONDO:0005812,1,['CHEBI:52010'],,missing_drug
"['CHEBI:27732', 'CHEBI:46195', 'UNII:N667F17JP1']",NCIT:C78640,1,[],NCIT:C78640,missing_disease
"['CHEBI:27732', 'CHEBI:46195', 'UNII:N667F17JP1']",UMLS:C0852402,1,[],UMLS:C0852402,missing_disease
"['CHEBI:27899', 'CHEBI:45863']",UMLS:C5400468,1,[],UMLS:C5400468,missing_disease
"['CHEBI:27899', 'CHEBI:480999']",UMLS:C0855068,1,['CHEBI:480999'],UMLS:C0855068,missing_drug+missing_disease
"['CHEBI:27899', 'CHEBI:63616']",UniProtKB:O75175,1,[],UniProtKB:O75175,missing_disease
"['CHEBI:27902', 'CHEBI:3077', 'CHEBI:7470']",UMLS:C3805071,1,[],UMLS:C3805071,missing_disease
"['CHEBI:27902', 'CHEBI:71419', 'CHEBI:9331']",UMLS:C0851439,1,[],UMLS:C0851439,missing_disease
"['CHEBI:27902', 'CHEBI:71419', 'CHEBI:9331']",UMLS:C1142419,1,[],UMLS:C1142419,missing_disease
"['CHEBI:27902', 'CHEBI:71419', 'CHEBI:9331']",UMLS:C1610066,1,[],UMLS:C1610066,missing_disease
"['CHEBI:27961', 'CHEBI:28591', 'CHEBI:36773']",HP:0031245,1,['CHEBI:36773'],,missing_drug
"['CHEBI:27961', 'CHEBI:28591', 'CHEBI:36773']",UMLS:C0948349,1,['CHEBI:36773'],,missing_drug
"['CHEBI:28098', 'CHEBI:28674', 'CHEBI:3077']",UMLS:C4551678,1,['CHEBI:28674'],UMLS:C4551678,missing_drug+missing_disease
"['CHEBI:28098', 'CHEBI:31415']",UMLS:C5818401,0,[],UMLS:C5818401,missing_disease
"['CHEBI:28177', 'CHEBI:52010', 'CHEBI:8093']",MONDO:0004979,1,['CHEBI:52010'],,missing_drug
"['CHEBI:28177', 'CHEBI:5551', 'UNII:2Y6VQU63E8']",MONDO:0001358,1,['UNII:2Y6VQU63E8'],,missing_drug
"['CHEBI:28177', 'CHEBI:5551', 'UNII:2Y6VQU63E8']",MONDO:0003781,1,['UNII:2Y6VQU63E8'],,missing_drug
"['CHEBI:28177', 'CHEBI:5551', 'UNII:2Y6VQU63E8']",MONDO:0004979,1,['UNII:2Y6VQU63E8'],,missing_drug
"['CHEBI:28241', 'DRUGBANK:DB13913']",UMLS:C4728126,1,[],UMLS:C4728126,missing_disease
"['CHEBI:28304', 'DRUGBANK:DB13195']",MONDO:0002049,0,['DRUGBANK:DB13195'],,missing_drug
"['CHEBI:28304', 'DRUGBANK:DB13195']",MONDO:0002243,0,['DRUGBANK:DB13195'],,missing_drug
"['CHEBI:28304', 'DRUGBANK:DB13195']",MONDO:0018746,0,['DRUGBANK:DB13195'],,missing_drug
"['CHEBI:28304', 'DRUGBANK:DB13195']",UMLS:C0005902,0,['DRUGBANK:DB13195'],UMLS:C0005902,missing_drug+missing_disease
"['CHEBI:28304', 'DRUGBANK:DB13195']",UMLS:C0332798,0,['DRUGBANK:DB13195'],,missing_drug
"['CHEBI:28304', 'DRUGBANK:DB13195']",UMLS:C1096398,0,['DRUGBANK:DB13195'],UMLS:C1096398,missing_drug+missing_disease
"['CHEBI:28445', 'CHEBI:28680', 'CHEBI:3423', 'CHEBI:4027', 'CHEBI:41977', 'CHEBI:44185', 'CHEBI:44423', 'CHEBI:8382', 'CHEBI:9555']",MONDO:0005062,1,"['CHEBI:4027', 'CHEBI:41977']",,missing_drug
"['CHEBI:28445', 'CHEBI:28748', 'CHEBI:4027', 'CHEBI:8382', 'PUBCHEM.COMPOUND:91820602', 'UNII:4F4X42SYQ6']",MONDO:0018905,1,['CHEBI:4027'],,missing_drug
"['CHEBI:28445', 'CHEBI:28748', 'CHEBI:4027', 'CHEBI:8382', 'UNII:4F4X42SYQ6']",MONDO:0018905,1,['CHEBI:4027'],,missing_drug
"['CHEBI:28445', 'PUBCHEM.COMPOUND:91820602', 'UNII:4F4X42SYQ6']",UMLS:C0855068,1,[],UMLS:C0855068,missing_disease
"['CHEBI:28659', 'CHEBI:28659']",UMLS:C0573813,0,[],UMLS:C0573813,missing_disease
"['CHEBI:28659', 'CHEBI:28694']",UMLS:C0573813,0,[],UMLS:C0573813,missing_disease
"['CHEBI:28659', 'CHEBI:29035']",CHEBI:18145,0,['CHEBI:29035'],,missing_drug
"['CHEBI:28659', 'CHEBI:29035']",CHEBI:3311,0,['CHEBI:29035'],,missing_drug
"['CHEBI:28659', 'CHEBI:29035']",HP:0002918,0,['CHEBI:29035'],,missing_drug
"['CHEBI:28659', 'CHEBI:29035']",MONDO:0001166,0,['CHEBI:29035'],,missing_drug
"['CHEBI:28659', 'CHEBI:29035']",MONDO:0001566,0,['CHEBI:29035'],,missing_drug
"['CHEBI:28659', 'CHEBI:29035']",MONDO:0008171,0,['CHEBI:29035'],,missing_drug
"['CHEBI:28659', 'CHEBI:29035']",MONDO:0018570,0,['CHEBI:29035'],,missing_drug
"['CHEBI:28659', 'CHEBI:29035']",UBERON:0001008,0,['CHEBI:29035'],,missing_drug
"['CHEBI:28659', 'CHEBI:29035']",UMLS:C0573813,0,['CHEBI:29035'],UMLS:C0573813,missing_drug+missing_disease
"['CHEBI:28659', 'CHEBI:46905']",CHEBI:18145,0,['CHEBI:46905'],,missing_drug
"['CHEBI:28659', 'CHEBI:46905']",CHEBI:3311,0,['CHEBI:46905'],,missing_drug
"['CHEBI:28659', 'CHEBI:46905']",HP:0002918,0,['CHEBI:46905'],,missing_drug
"['CHEBI:28659', 'CHEBI:46905']",MONDO:0001166,0,['CHEBI:46905'],,missing_drug
"['CHEBI:28659', 'CHEBI:46905']",MONDO:0001566,0,['CHEBI:46905'],,missing_drug
"['CHEBI:28659', 'CHEBI:46905']",MONDO:0008171,0,['CHEBI:46905'],,missing_drug
"['CHEBI:28659', 'CHEBI:46905']",MONDO:0018570,0,['CHEBI:46905'],,missing_drug
"['CHEBI:28659', 'CHEBI:46905']",UBERON:0001008,0,['CHEBI:46905'],,missing_drug
"['CHEBI:28659', 'CHEBI:46905']",UMLS:C0573813,0,['CHEBI:46905'],UMLS:C0573813,missing_drug+missing_disease
"['CHEBI:28669', 'CHEBI:7507']",UMLS:C0858739,1,[],UMLS:C0858739,missing_disease
"['CHEBI:28669', 'CHEBI:8310']",UMLS:C0851439,1,[],UMLS:C0851439,missing_disease
"['CHEBI:28674', 'CHEBI:30742', 'CHEBI:34674', 'CHEBI:53248']",HP:0025337,1,['CHEBI:28674'],,missing_drug
"['CHEBI:28674', 'CHEBI:30742', 'CHEBI:34674', 'CHEBI:53248']",MONDO:0006733,1,['CHEBI:28674'],,missing_drug
"['CHEBI:28674', 'CHEBI:30742', 'CHEBI:34674', 'CHEBI:53248']",NCIT:C187286,1,['CHEBI:28674'],,missing_drug
"['CHEBI:28674', 'CHEBI:3077']",MONDO:0005709,1,['CHEBI:28674'],,missing_drug
"['CHEBI:28674', 'CHEBI:3077']",MONDO:0005961,1,['CHEBI:28674'],,missing_drug
"['CHEBI:28674', 'CHEBI:3077']",MONDO:0011786,1,['CHEBI:28674'],,missing_drug
"['CHEBI:28674', 'CHEBI:3077', 'CHEBI:9327']",MONDO:0004785,1,['CHEBI:28674'],,missing_drug
"['CHEBI:28674', 'CHEBI:3077', 'CHEBI:9327']",UMLS:C0271308,1,['CHEBI:28674'],,missing_drug
"['CHEBI:28674', 'CHEBI:3077', 'CHEBI:9327']",UMLS:C0423884,1,['CHEBI:28674'],UMLS:C0423884,missing_drug+missing_disease
"['CHEBI:28674', 'CHEBI:31415']",MONDO:0005642,1,['CHEBI:28674'],,missing_drug
"['CHEBI:28674', 'CHEBI:31415']",MONDO:0019085,1,['CHEBI:28674'],,missing_drug
"['CHEBI:28674', 'CHEBI:31625']",HP:0100534,1,['CHEBI:28674'],HP:0100534,missing_drug+missing_disease
"['CHEBI:28674', 'CHEBI:31625']",MONDO:0001055,1,['CHEBI:28674'],,missing_drug
"['CHEBI:28674', 'CHEBI:31625']",MONDO:0001718,1,['CHEBI:28674'],,missing_drug
"['CHEBI:28674', 'CHEBI:31625']",MONDO:0002307,1,['CHEBI:28674'],,missing_drug
"['CHEBI:28674', 'CHEBI:31625']",MONDO:0003799,1,['CHEBI:28674'],,missing_drug
"['CHEBI:28674', 'CHEBI:31625']",MONDO:0004768,1,['CHEBI:28674'],,missing_drug
"['CHEBI:28674', 'CHEBI:31625']",MONDO:0004926,1,['CHEBI:28674'],,missing_drug
"['CHEBI:28674', 'CHEBI:31625']",MONDO:0005844,1,['CHEBI:28674'],,missing_drug
"['CHEBI:28674', 'CHEBI:31625']",UMLS:C4551678,1,['CHEBI:28674'],UMLS:C4551678,missing_drug+missing_disease
"['CHEBI:28674', 'CHEBI:31990']",HP:0001742,1,['CHEBI:28674'],,missing_drug
"['CHEBI:28674', 'CHEBI:31990']",MONDO:0005551,1,['CHEBI:28674'],,missing_drug
"['CHEBI:28674', 'CHEBI:31990']",NCIT:C187286,1,['CHEBI:28674'],,missing_drug
"['CHEBI:28674', 'CHEBI:31990']",UMLS:C4551678,1,['CHEBI:28674'],UMLS:C4551678,missing_drug+missing_disease
"['CHEBI:28674', 'CHEBI:35176']",HP:0025337,1,"['CHEBI:28674', 'CHEBI:35176']",,missing_drug
"['CHEBI:28674', 'CHEBI:41879']",HP:0030953,1,"['CHEBI:28674', 'CHEBI:41879']",,missing_drug
"['CHEBI:28674', 'CHEBI:41879']",HP:0100534,1,"['CHEBI:28674', 'CHEBI:41879']",HP:0100534,missing_drug+missing_disease
"['CHEBI:28674', 'CHEBI:41879']",MONDO:0001718,1,"['CHEBI:28674', 'CHEBI:41879']",,missing_drug
"['CHEBI:28674', 'CHEBI:41879']",MONDO:0002313,1,"['CHEBI:28674', 'CHEBI:41879']",,missing_drug
"['CHEBI:28674', 'CHEBI:41879']",MONDO:0005642,1,"['CHEBI:28674', 'CHEBI:41879']",,missing_drug
"['CHEBI:28674', 'CHEBI:41879']",NCIT:C187286,1,"['CHEBI:28674', 'CHEBI:41879']",,missing_drug
"['CHEBI:28674', 'CHEBI:52010']",HP:0030953,1,"['CHEBI:28674', 'CHEBI:52010']",,missing_drug
"['CHEBI:28674', 'CHEBI:52010']",MONDO:0001534,1,"['CHEBI:28674', 'CHEBI:52010']",,missing_drug
"['CHEBI:28674', 'CHEBI:52010']",MONDO:0005551,1,"['CHEBI:28674', 'CHEBI:52010']",,missing_drug
"['CHEBI:28674', 'CHEBI:52010']",MONDO:0005642,1,"['CHEBI:28674', 'CHEBI:52010']",,missing_drug
"['CHEBI:28674', 'CHEBI:52010']",UMLS:C0235263,1,"['CHEBI:28674', 'CHEBI:52010']",,missing_drug
"['CHEBI:28674', 'CHEBI:84115']",HP:0025337,1,['CHEBI:28674'],,missing_drug
"['CHEBI:28674', 'CHEBI:84115']",HP:0033841,1,['CHEBI:28674'],,missing_drug
"['CHEBI:28674', 'CHEBI:84115']",MONDO:0005551,1,['CHEBI:28674'],,missing_drug
"['CHEBI:28674', 'CHEBI:84115']",UMLS:C0270996,1,['CHEBI:28674'],UMLS:C0270996,missing_drug+missing_disease
"['CHEBI:28680', 'CHEBI:41977', 'CHEBI:63452']",MONDO:0005223,1,['CHEBI:41977'],,missing_drug
"['CHEBI:28741', 'CHEBI:3614']",UMLS:C4319571,1,[],UMLS:C4319571,missing_disease
"['CHEBI:28741', 'UNII:8NY9L8837D', 'UNII:Q3B1Y93C1S']",MONDO:0002233,1,['UNII:Q3B1Y93C1S'],,missing_drug
"['CHEBI:28741', 'UNII:8NY9L8837D', 'UNII:Q3B1Y93C1S']",MONDO:0004038,1,['UNII:Q3B1Y93C1S'],,missing_drug
"['CHEBI:28741', 'UNII:8NY9L8837D', 'UNII:Q3B1Y93C1S']",MONDO:0004059,1,['UNII:Q3B1Y93C1S'],,missing_drug
"['CHEBI:28741', 'UNII:8NY9L8837D', 'UNII:Q3B1Y93C1S']",MONDO:0005276,1,['UNII:Q3B1Y93C1S'],,missing_drug
"['CHEBI:28741', 'UNII:Q3B1Y93C1S']",HP:0002015,0,['UNII:Q3B1Y93C1S'],,missing_drug
"['CHEBI:28741', 'UNII:Q3B1Y93C1S']",MONDO:0006722,0,['UNII:Q3B1Y93C1S'],,missing_drug
"['CHEBI:28741', 'UNII:Q3B1Y93C1S']",UMLS:C0410447,0,['UNII:Q3B1Y93C1S'],UMLS:C0410447,missing_drug+missing_disease
"['CHEBI:28741', 'UNII:Q3B1Y93C1S']",UMLS:C1536052,0,['UNII:Q3B1Y93C1S'],,missing_drug
"['CHEBI:28748', 'CHEBI:4027']",MONDO:0005210,1,['CHEBI:4027'],,missing_drug
"['CHEBI:28748', 'CHEBI:4027', 'CHEBI:4672']",MONDO:0007254,1,['CHEBI:4027'],,missing_drug
"['CHEBI:28748', 'CHEBI:4027', 'CHEBI:8382', 'UNII:7XL5ISS668']",UMLS:C0855068,1,['CHEBI:4027'],UMLS:C0855068,missing_drug+missing_disease
"['CHEBI:28748', 'PUBCHEM.COMPOUND:91820602', 'UNII:4F4X42SYQ6']",UMLS:C0855068,1,[],UMLS:C0855068,missing_disease
"['CHEBI:28864', 'CHEBI:41879']",MONDO:0004795,1,['CHEBI:41879'],,missing_drug
"['CHEBI:28864', 'CHEBI:41879']",MONDO:0005441,1,['CHEBI:41879'],,missing_drug
"['CHEBI:28864', 'CHEBI:41879']",MONDO:0020283,1,['CHEBI:41879'],,missing_drug
"['CHEBI:28864', 'CHEBI:41879']",MONDO:0043885,1,['CHEBI:41879'],,missing_drug
"['CHEBI:28864', 'CHEBI:41879']",UMLS:C0015404,1,['CHEBI:41879'],,missing_drug
"['CHEBI:28864', 'CHEBI:41879']",UMLS:C4551678,1,['CHEBI:41879'],UMLS:C4551678,missing_drug+missing_disease
"['CHEBI:28864', 'CHEBI:41879', 'CHEBI:50848']",UMLS:C0015404,1,"['CHEBI:41879', 'CHEBI:50848']",,missing_drug
"['CHEBI:28864', 'CHEBI:47381']",UMLS:C4551678,1,['CHEBI:47381'],UMLS:C4551678,missing_drug+missing_disease
"['CHEBI:28864', 'CHEBI:50848']",NCIT:C3137,1,['CHEBI:50848'],,missing_drug
"['CHEBI:28901', 'CHEBI:4027']",MONDO:0011996,1,['CHEBI:4027'],,missing_drug
"['CHEBI:28918', 'CHEBI:52010']",HP:0002098,1,['CHEBI:52010'],,missing_drug
"['CHEBI:28971', 'CHEBI:9321']",UMLS:C0005660,1,[],UMLS:C0005660,missing_disease
"['CHEBI:28971', 'CHEBI:9321']",UMLS:C0729565,1,[],UMLS:C0729565,missing_disease
"['CHEBI:28971', 'CHEBI:9321']",UMLS:C0852351,1,[],UMLS:C0852351,missing_disease
"['CHEBI:28971', 'CHEBI:9321']",UMLS:C4727977,1,[],UMLS:C4727977,missing_disease
"['CHEBI:29007', 'CHEBI:9321']",MONDO:0005113,1,['CHEBI:29007'],,missing_drug
"['CHEBI:29013', 'CHEBI:41879', 'CHEBI:47519']",MONDO:0005230,1,"['CHEBI:41879', 'CHEBI:47519']",,missing_drug
"['CHEBI:29013', 'CHEBI:41879', 'CHEBI:47519']",MONDO:0005859,1,"['CHEBI:41879', 'CHEBI:47519']",,missing_drug
"['CHEBI:29013', 'CHEBI:41879', 'CHEBI:47519']",MONDO:0024268,1,"['CHEBI:41879', 'CHEBI:47519']",,missing_drug
"['CHEBI:29013', 'CHEBI:6970']",UMLS:C0162817,1,[],UMLS:C0162817,missing_disease
"['CHEBI:29034', 'PUBCHEM.COMPOUND:135484651']",HP:0100507,1,['PUBCHEM.COMPOUND:135484651'],,missing_drug
"['CHEBI:29034', 'PUBCHEM.COMPOUND:135484651']",UMLS:C0240066,1,['PUBCHEM.COMPOUND:135484651'],,missing_drug
"['CHEBI:29035', 'CHEBI:30812']",MONDO:0001751,0,['CHEBI:29035'],,missing_drug
"['CHEBI:29035', 'CHEBI:30812']",MONDO:0009380,0,['CHEBI:29035'],,missing_drug
"['CHEBI:29035', 'CHEBI:30812']",NCIT:C26943,0,['CHEBI:29035'],,missing_drug
"['CHEBI:29035', 'CHEBI:30812']",NCIT:C35607,0,['CHEBI:29035'],,missing_drug
"['CHEBI:291342', 'CHEBI:50730']",MONDO:0004979,1,['CHEBI:50730'],,missing_drug
"['CHEBI:291342', 'CHEBI:50730']",MONDO:0011786,1,['CHEBI:50730'],,missing_drug
"['CHEBI:29377', 'CHEBI:3508']",UMLS:C4727977,1,[],UMLS:C4727977,missing_disease
"['CHEBI:2950', 'CHEBI:5134']",UMLS:C1096734,1,[],UMLS:C1096734,missing_disease
"['CHEBI:2955', 'CHEBI:575568']",UMLS:C5201148,1,[],UMLS:C5201148,missing_disease
"['CHEBI:29688', 'CHEBI:47519']",MONDO:0001106,0,['CHEBI:47519'],,missing_drug
"['CHEBI:29708', 'CHEBI:31608']",UMLS:C0235950,1,[],UMLS:C0235950,missing_disease
"['CHEBI:3001', 'CHEBI:7507']",UMLS:C0086196,1,[],UMLS:C0086196,missing_disease
"['CHEBI:30314', 'CHEBI:8228']",UMLS:C1802373,1,[],UMLS:C1802373,missing_disease
"['CHEBI:30769', 'CHEBI:31206', 'CHEBI:52010', 'CHEBI:8093']",HP:0012735,1,['CHEBI:52010'],,missing_drug
"['CHEBI:30769', 'CHEBI:31206', 'CHEBI:52010', 'CHEBI:8093']",MONDO:0004979,1,['CHEBI:52010'],,missing_drug
"['CHEBI:30769', 'CHEBI:31206', 'CHEBI:52010', 'CHEBI:8093']",UBERON:0016552,1,['CHEBI:52010'],,missing_drug
"['CHEBI:30769', 'CHEBI:4470', 'CHEBI:52010', 'CHEBI:5551']",HP:0012735,1,['CHEBI:52010'],,missing_drug
"['CHEBI:30769', 'CHEBI:4470', 'CHEBI:52010', 'CHEBI:5551']",MONDO:0005607,1,['CHEBI:52010'],,missing_drug
"['CHEBI:30769', 'CHEBI:4470', 'CHEBI:52010', 'CHEBI:5551']",MONDO:0025598,1,['CHEBI:52010'],,missing_drug
"['CHEBI:30769', 'UNII:D0Y70F2B9J']",UMLS:C0947759,0,[],UMLS:C0947759,missing_disease
"['CHEBI:3077', 'CHEBI:3764']",DRUGBANK:DB10446,1,[],DRUGBANK:DB10446,missing_disease
"['CHEBI:3077', 'CHEBI:50749']",UMLS:C0263361,1,[],UMLS:C0263361,missing_disease
"['CHEBI:3077', 'CHEBI:7507']",UMLS:C4551678,1,[],UMLS:C4551678,missing_disease
"['CHEBI:3077', 'CHEBI:9327']",HP:0100534,1,[],HP:0100534,missing_disease
"['CHEBI:3077', 'CHEBI:9327']",UMLS:C4285790,1,[],UMLS:C4285790,missing_disease
"['CHEBI:3077', 'CHEBI:9327']",UMLS:C4551678,1,[],UMLS:C4551678,missing_disease
"['CHEBI:30812', 'UNII:Z310X5O5RP']",MONDO:0001751,0,['UNII:Z310X5O5RP'],,missing_drug
"['CHEBI:30812', 'UNII:Z310X5O5RP']",MONDO:0009380,0,['UNII:Z310X5O5RP'],,missing_drug
"['CHEBI:30812', 'UNII:Z310X5O5RP']",NCIT:C26943,0,['UNII:Z310X5O5RP'],,missing_drug
"['CHEBI:30812', 'UNII:Z310X5O5RP']",NCIT:C35607,0,['UNII:Z310X5O5RP'],,missing_drug
"['CHEBI:31174', 'CHEBI:42355']",MONDO:0011438,1,['CHEBI:42355'],,missing_drug
"['CHEBI:31206', 'CHEBI:3183', 'CHEBI:46195', 'CHEBI:5551', 'CHEBI:8093']",UMLS:C0852402,1,[],UMLS:C0852402,missing_disease
"['CHEBI:31206', 'CHEBI:4470', 'CHEBI:51209', 'CHEBI:52010']",HP:0001742,1,['CHEBI:52010'],,missing_drug
"['CHEBI:31206', 'CHEBI:4470', 'CHEBI:51209', 'CHEBI:52010']",HP:0012735,1,['CHEBI:52010'],,missing_drug
"['CHEBI:31206', 'CHEBI:4470', 'CHEBI:52010']",HP:0012735,1,['CHEBI:52010'],,missing_drug
"['CHEBI:31206', 'CHEBI:4470', 'CHEBI:52010', 'PUBCHEM.COMPOUND:4786']",HP:0001742,1,['CHEBI:52010'],,missing_drug
"['CHEBI:31206', 'CHEBI:4470', 'CHEBI:52010', 'PUBCHEM.COMPOUND:4786']",HP:0012735,1,['CHEBI:52010'],,missing_drug
"['CHEBI:31206', 'CHEBI:4470', 'CHEBI:52010', 'UNII:61ZBX54883']",MONDO:0005709,1,"['CHEBI:52010', 'UNII:61ZBX54883']",,missing_drug
"['CHEBI:31206', 'CHEBI:4636', 'CHEBI:77032']",HP:0001742,1,['CHEBI:77032'],,missing_drug
"['CHEBI:31206', 'CHEBI:4636', 'CHEBI:77032']",HP:0025095,1,['CHEBI:77032'],,missing_drug
"['CHEBI:31206', 'CHEBI:4636', 'CHEBI:77032']",HP:0031245,1,['CHEBI:77032'],,missing_drug
"['CHEBI:31206', 'CHEBI:4636', 'CHEBI:77032']",UMLS:C0741789,1,['CHEBI:77032'],UMLS:C0741789,missing_drug+missing_disease
"['CHEBI:31206', 'CHEBI:52010']",HP:0012735,1,['CHEBI:52010'],,missing_drug
"['CHEBI:31206', 'CHEBI:52010', 'CHEBI:5551']",HP:0012735,1,['CHEBI:52010'],,missing_drug
"['CHEBI:31206', 'CHEBI:52010', 'CHEBI:5551']",HP:0031245,1,['CHEBI:52010'],,missing_drug
"['CHEBI:31206', 'CHEBI:52010', 'CHEBI:5551']",MONDO:0025598,1,['CHEBI:52010'],,missing_drug
"['CHEBI:31206', 'CHEBI:52010', 'CHEBI:5551']",UMLS:C0577662,1,['CHEBI:52010'],,missing_drug
"['CHEBI:31206', 'CHEBI:52010', 'CHEBI:85537']",HP:0012735,1,['CHEBI:52010'],,missing_drug
"['CHEBI:31264', 'UNII:877376V2XW']",UMLS:C0729771,1,[],UMLS:C0729771,missing_disease
"['CHEBI:31348', 'UNII:234248D0HH', 'UNII:5384HK7574']",MONDO:0007254,1,['UNII:5384HK7574'],,missing_drug
"['CHEBI:31348', 'UNII:5384HK7574']",UniProtKB:A0A8D1C1M1,1,['UNII:5384HK7574'],UniProtKB:A0A8D1C1M1,missing_drug+missing_disease
"['CHEBI:31355', 'CHEBI:4027']",UMLS:C0279779,1,['CHEBI:4027'],,missing_drug
"['CHEBI:31355', 'CHEBI:45863', 'PUBCHEM.COMPOUND:91820602', 'UNII:2S9ZZM9Q9V', 'UNII:52CMI0WC3Y']",UMLS:C5395609,1,[],UMLS:C5395609,missing_disease
"['CHEBI:31355', 'CHEBI:45863', 'PUBCHEM.COMPOUND:91820602', 'UNII:52CMI0WC3Y']",UMLS:C5395609,1,[],UMLS:C5395609,missing_disease
"['CHEBI:31355', 'CHEBI:45863', 'UNII:2S9ZZM9Q9V']",UMLS:C0861873,1,[],UMLS:C0861873,missing_disease
"['CHEBI:31355', 'CHEBI:45863', 'UNII:2S9ZZM9Q9V', 'UNII:52CMI0WC3Y']",UMLS:C5395609,1,[],UMLS:C5395609,missing_disease
"['CHEBI:31355', 'CHEBI:45863', 'UNII:52CMI0WC3Y']",UMLS:C5395609,1,[],UMLS:C5395609,missing_disease
"['CHEBI:31355', 'CHEBI:4672', 'UNII:5384HK7574']",MONDO:0006244,1,['UNII:5384HK7574'],,missing_drug
"['CHEBI:31355', 'CHEBI:4672', 'UNII:5384HK7574']",MONDO:0007254,1,['UNII:5384HK7574'],,missing_drug
"['CHEBI:31355', 'CHEBI:4911', 'PUBCHEM.COMPOUND:91820602', 'UNII:52CMI0WC3Y']",UniProtKB:A0A8D1C1M1,1,[],UniProtKB:A0A8D1C1M1,missing_disease
"['CHEBI:31355', 'CHEBI:4911', 'UNII:52CMI0WC3Y']",UniProtKB:A0A8D1C1M1,1,[],UniProtKB:A0A8D1C1M1,missing_disease
"['CHEBI:31355', 'CHEBI:63616', 'UNII:0JSR7Z0NB6']",UMLS:C5395609,1,[],UMLS:C5395609,missing_disease
"['CHEBI:31394', 'CHEBI:4903']",UMLS:C3887021,0,[],UMLS:C3887021,missing_disease
"['CHEBI:31394', 'CHEBI:4903']",UniProtKB:A0A4X1SKS6,0,[],UniProtKB:A0A4X1SKS6,missing_disease
"['CHEBI:31413', 'CHEBI:39867', 'CHEBI:94435']",MONDO:0001162,1,['CHEBI:39867'],,missing_drug
"['CHEBI:31498', 'CHEBI:32139']",NCIT:C78213,1,[],NCIT:C78213,missing_disease
"['CHEBI:31498', 'CHEBI:3311']",NCIT:C78213,1,[],NCIT:C78213,missing_disease
"['CHEBI:31498', 'CHEBI:33130', 'CHEBI:6637']",NCIT:C78213,1,[],NCIT:C78213,missing_disease
"['CHEBI:31498', 'CHEBI:33130', 'CHEBI:6637', 'UNII:FML8G1U0Y3']",NCIT:C78213,1,[],NCIT:C78213,missing_disease
"['CHEBI:31498', 'CHEBI:33130', 'UNII:FML8G1U0Y3']",NCIT:C78213,1,[],NCIT:C78213,missing_disease
"['CHEBI:31498', 'CHEBI:3614', 'CHEBI:7025']",UMLS:C1542646,1,[],UMLS:C1542646,missing_disease
"['CHEBI:31498', 'CHEBI:6532']",NCIT:C78213,1,[],NCIT:C78213,missing_disease
"['CHEBI:31498', 'CHEBI:6532']",UMLS:C0947873,1,[],UMLS:C0947873,missing_disease
"['CHEBI:31498', 'CHEBI:6637', 'UNII:9T3UU8T0QK']",UMLS:C0267167,1,['UNII:9T3UU8T0QK'],,missing_drug
"['CHEBI:31498', 'CHEBI:81916']",UMLS:C0001707,1,[],UMLS:C0001707,missing_disease
"['CHEBI:31498', 'CHEBI:81916', 'DRUGBANK:DB10426', 'DRUGBANK:DB14016']",HP:0033589,1,"['DRUGBANK:DB10426', 'DRUGBANK:DB14016']",,missing_drug
"['CHEBI:31498', 'CHEBI:81916', 'DRUGBANK:DB10426', 'DRUGBANK:DB14016']",MONDO:0001684,1,"['DRUGBANK:DB10426', 'DRUGBANK:DB14016']",,missing_drug
"['CHEBI:31498', 'CHEBI:94458']",UMLS:C4728126,1,[],UMLS:C4728126,missing_disease
"['CHEBI:31498', 'DRUGBANK:DB11065', 'DRUGBANK:DB11066', 'DRUGBANK:DB13147']",MONDO:0001684,1,['DRUGBANK:DB11066'],,missing_drug
"['CHEBI:31498', 'UNII:JDN69ZV6XV']",MONDO:0018570,0,['UNII:JDN69ZV6XV'],,missing_drug
"['CHEBI:31536', 'CHEBI:63717', 'CHEBI:68602']",UMLS:C0542009,1,[],UMLS:C0542009,missing_disease
"['CHEBI:31536', 'CHEBI:63717', 'CHEBI:68602']",UniProtKB:A0A8D1B937,1,[],UniProtKB:A0A8D1B937,missing_disease
"['CHEBI:31536', 'CHEBI:63717', 'CHEBI:72289', 'CHEBI:72291']",UMLS:C0542009,1,[],UMLS:C0542009,missing_disease
"['CHEBI:31536', 'CHEBI:63717', 'CHEBI:72289', 'CHEBI:72291']",UniProtKB:A0A8D1B937,1,[],UniProtKB:A0A8D1B937,missing_disease
"['CHEBI:31536', 'CHEBI:90923']",UniProtKB:A0A8D1B937,1,[],UniProtKB:A0A8D1B937,missing_disease
"['CHEBI:31536', 'CHEBI:90926']",MONDO:0005109,0,['CHEBI:90926'],,missing_drug
"['CHEBI:31623', 'UNII:WA1RT89G9X']",MONDO:0002041,0,"['CHEBI:31623', 'UNII:WA1RT89G9X']",,missing_drug
"['CHEBI:31623', 'UNII:WA1RT89G9X']",MONDO:0018076,0,"['CHEBI:31623', 'UNII:WA1RT89G9X']",,missing_drug
"['CHEBI:31623', 'UNII:WA1RT89G9X']",UMLS:C0162628,0,"['CHEBI:31623', 'UNII:WA1RT89G9X']",,missing_drug
"['CHEBI:31638', 'CHEBI:85993', 'UNII:L4C1UY2NYH']",UMLS:C3495949,1,[],UMLS:C3495949,missing_disease
"['CHEBI:31807', 'CHEBI:94458']",UMLS:C4728126,1,[],UMLS:C4728126,missing_disease
"['CHEBI:3183', 'CHEBI:4470', 'CHEBI:51209']",UMLS:C0749874,1,[],UMLS:C0749874,missing_disease
"['CHEBI:3183', 'CHEBI:4470', 'CHEBI:5551', 'UNII:S3V868548T']",MONDO:0005607,1,['UNII:S3V868548T'],,missing_drug
"['CHEBI:3183', 'CHEBI:4470', 'CHEBI:5551', 'UNII:S3V868548T']",MONDO:0005709,1,['UNII:S3V868548T'],,missing_drug
"['CHEBI:3183', 'CHEBI:4470', 'UNII:S3V868548T']",HP:0012735,1,['UNII:S3V868548T'],,missing_drug
"['CHEBI:3183', 'CHEBI:4470', 'UNII:S3V868548T']",MONDO:0005607,1,['UNII:S3V868548T'],,missing_drug
"['CHEBI:3183', 'CHEBI:4470', 'UNII:S3V868548T']",MONDO:0005709,1,['UNII:S3V868548T'],,missing_drug
"['CHEBI:3183', 'CHEBI:46195', 'CHEBI:5551', 'CHEBI:77032', 'CHEBI:8093']",MONDO:0005709,1,['CHEBI:77032'],,missing_drug
"['CHEBI:3183', 'CHEBI:51209', 'CHEBI:77032']",HP:0001742,1,['CHEBI:77032'],,missing_drug
"['CHEBI:3183', 'CHEBI:51209', 'CHEBI:77032']",HP:0012735,1,['CHEBI:77032'],,missing_drug
"['CHEBI:3183', 'CHEBI:51209', 'CHEBI:77032']",MONDO:0000771,1,['CHEBI:77032'],,missing_drug
"['CHEBI:3183', 'CHEBI:5551', 'CHEBI:77032', 'CHEBI:8093']",HP:0001742,1,['CHEBI:77032'],,missing_drug
"['CHEBI:3183', 'CHEBI:5551', 'CHEBI:77032', 'CHEBI:8093']",HP:0012735,1,['CHEBI:77032'],,missing_drug
"['CHEBI:3183', 'CHEBI:5551', 'CHEBI:77032', 'CHEBI:8093']",MONDO:0005709,1,['CHEBI:77032'],,missing_drug
"['CHEBI:31832', 'CHEBI:88839']",UMLS:C0856716,0,[],UMLS:C0856716,missing_disease
"['CHEBI:31832', 'PUBCHEM.COMPOUND:10219851']",HP:0003326,1,['PUBCHEM.COMPOUND:10219851'],,missing_drug
"['CHEBI:31932', 'CHEBI:601027']",UMLS:C1802373,0,['CHEBI:601027'],UMLS:C1802373,missing_drug+missing_disease
"['CHEBI:31941', 'UNII:2S9ZZM9Q9V']",UMLS:C4721579,1,[],UMLS:C4721579,missing_disease
"['CHEBI:32035', 'CHEBI:6650']",UMLS:C0268015,1,[],UMLS:C0268015,missing_disease
"['CHEBI:32114', 'CHEBI:46195', 'CHEBI:52010']",HP:0001742,1,['CHEBI:52010'],,missing_drug
"['CHEBI:32114', 'CHEBI:46195', 'CHEBI:52010']",HP:0001945,1,['CHEBI:52010'],,missing_drug
"['CHEBI:32114', 'CHEBI:46195', 'CHEBI:52010']",MONDO:0005709,1,['CHEBI:52010'],,missing_drug
"['CHEBI:32114', 'CHEBI:46195', 'CHEBI:52010']",MONDO:0005812,1,['CHEBI:52010'],,missing_drug
"['CHEBI:32114', 'CHEBI:46195', 'CHEBI:52010']",UMLS:C0852402,1,['CHEBI:52010'],UMLS:C0852402,missing_drug+missing_disease
"['CHEBI:32114', 'CHEBI:46195', 'CHEBI:52010', 'CHEBI:8093']",MONDO:0005812,1,['CHEBI:52010'],,missing_drug
"['CHEBI:32114', 'CHEBI:46195', 'CHEBI:52140', 'CHEBI:8093']",UMLS:C0852402,1,[],UMLS:C0852402,missing_disease
"['CHEBI:32114', 'CHEBI:52010']",HP:0025095,1,['CHEBI:52010'],,missing_drug
"['CHEBI:32114', 'CHEBI:52010']",MONDO:0005709,1,['CHEBI:52010'],,missing_drug
"['CHEBI:32114', 'CHEBI:52010']",UMLS:C0852402,1,['CHEBI:52010'],UMLS:C0852402,missing_drug+missing_disease
"['CHEBI:32139', 'CHEBI:36773', 'DRUGBANK:DB10651', 'UNII:AV092KU4JH']",HP:0011848,1,"['CHEBI:36773', 'DRUGBANK:DB10651']",,missing_drug
"['CHEBI:32139', 'CHEBI:50275']",MONDO:0001126,1,['CHEBI:50275'],,missing_drug
"['CHEBI:3215', 'CHEBI:6456', 'CHEBI:6888', 'CHEBI:9667']",UMLS:C4551678,1,[],UMLS:C4551678,missing_disease
"['CHEBI:32219', 'CHEBI:7470']",NCIT:C50572,1,[],NCIT:C50572,missing_disease
"['CHEBI:32322', 'CHEBI:46936']",UMLS:C0699896,1,[],UMLS:C0699896,missing_disease
"['CHEBI:32322', 'CHEBI:46936']",UMLS:C0947839,0,[],UMLS:C0947839,missing_disease
"['CHEBI:32354', 'CHEBI:7470']",NCIT:C50572,1,[],NCIT:C50572,missing_disease
"['CHEBI:32354', 'CHEBI:93363']",MONDO:0001744,0,['CHEBI:93363'],,missing_drug
"['CHEBI:32354', 'CHEBI:93363']",MONDO:0043885,0,['CHEBI:93363'],,missing_drug
"['CHEBI:32599', 'CHEBI:7553']",MONDO:0015260,1,['CHEBI:32599'],,missing_drug
"['CHEBI:32914', 'CHEBI:53579', 'CHEBI:94563']",UMLS:C0729771,1,[],UMLS:C0729771,missing_disease
"['CHEBI:32914', 'CHEBI:6456']",UMLS:C0729771,1,[],UMLS:C0729771,missing_disease
"['CHEBI:32914', 'CHEBI:94563']",UMLS:C0877743,1,[],UMLS:C0877743,missing_disease
"['CHEBI:3309', 'UNII:SST07NLK7J']",UMLS:C0016325,1,[],UMLS:C0016325,missing_disease
"['CHEBI:3311', 'CHEBI:4496', 'CHEBI:6637']",UMLS:C0342923,1,[],UMLS:C0342923,missing_disease
"['CHEBI:33118', 'CHEBI:3614']",UMLS:C4551678,1,[],UMLS:C4551678,missing_disease
"['CHEBI:33118', 'UNII:8191EN8ZMD']",NCIT:C187286,1,['UNII:8191EN8ZMD'],,missing_drug
"['CHEBI:3312', 'UNII:04XPW8C0FL', 'UNII:SCK81AMR7R', 'UNII:SCK81AMR7R', 'UNII:U50VWW6XH6']",MONDO:0002243,1,['UNII:U50VWW6XH6'],,missing_drug
"['CHEBI:3312', 'UNII:04XPW8C0FL', 'UNII:SCK81AMR7R', 'UNII:SCK81AMR7R', 'UNII:U50VWW6XH6']",UMLS:C0420433,1,['UNII:U50VWW6XH6'],UMLS:C0420433,missing_drug+missing_disease
"['CHEBI:33130', 'UNII:24H4NWX5CO', 'UNII:FML8G1U0Y3']",NCIT:C78213,1,[],NCIT:C78213,missing_disease
"['CHEBI:33353', 'UNII:B005P07V07']",MONDO:0005098,1,['UNII:B005P07V07'],,missing_drug
"['CHEBI:3347', 'CHEBI:601027']",UMLS:C1802373,0,['CHEBI:601027'],UMLS:C1802373,missing_drug+missing_disease
"['CHEBI:3374', 'CHEBI:47381']",MONDO:0005416,1,['CHEBI:47381'],,missing_drug
"['CHEBI:34764', 'CHEBI:74460']",DRUGBANK:DB10426,1,['CHEBI:34764'],DRUGBANK:DB10426,missing_drug+missing_disease
"['CHEBI:34764', 'CHEBI:74460']",MONDO:0004795,1,['CHEBI:34764'],,missing_drug
"['CHEBI:34764', 'CHEBI:7507']",MONDO:0002406,1,['CHEBI:34764'],,missing_drug
"['CHEBI:34764', 'CHEBI:7507']",MONDO:0004795,1,['CHEBI:34764'],,missing_drug
"['CHEBI:34764', 'CHEBI:7507']",MONDO:0004980,1,['CHEBI:34764'],,missing_drug
"['CHEBI:34764', 'CHEBI:7507']",MONDO:0005326,1,['CHEBI:34764'],,missing_drug
"['CHEBI:34764', 'CHEBI:7507']",MONDO:0006546,1,['CHEBI:34764'],,missing_drug
"['CHEBI:34764', 'CHEBI:7507']",MONDO:0006570,1,['CHEBI:34764'],,missing_drug
"['CHEBI:34764', 'CHEBI:7507']",MONDO:0019558,1,['CHEBI:34764'],,missing_drug
"['CHEBI:34764', 'CHEBI:7507']",MONDO:0021340,1,['CHEBI:34764'],,missing_drug
"['CHEBI:34764', 'CHEBI:7507']",UMLS:C0086196,1,['CHEBI:34764'],UMLS:C0086196,missing_drug+missing_disease
"['CHEBI:34764', 'CHEBI:7507']",UMLS:C0263233,1,['CHEBI:34764'],UMLS:C0263233,missing_drug+missing_disease
"['CHEBI:34764', 'CHEBI:7507']",UMLS:C0263361,1,['CHEBI:34764'],UMLS:C0263361,missing_drug+missing_disease
"['CHEBI:34764', 'CHEBI:7507']",UMLS:C1720798,1,['CHEBI:34764'],,missing_drug
"['CHEBI:34764', 'CHEBI:7507']",UMLS:C5441647,1,['CHEBI:34764'],UMLS:C5441647,missing_drug+missing_disease
"['CHEBI:3504', 'CHEBI:48947']",UMLS:C0264222,1,[],UMLS:C0264222,missing_disease
"['CHEBI:3504', 'CHEBI:48947']",UMLS:C0851631,1,[],UMLS:C0851631,missing_disease
"['CHEBI:3510', 'CHEBI:48947']",UMLS:C0264222,1,[],UMLS:C0264222,missing_disease
"['CHEBI:3510', 'CHEBI:48947']",UMLS:C0851631,1,[],UMLS:C0851631,missing_disease
"['CHEBI:35176', 'CHEBI:7470']",MONDO:0003799,1,['CHEBI:35176'],,missing_drug
"['CHEBI:35176', 'CHEBI:8093']",MONDO:0006733,1,['CHEBI:35176'],,missing_drug
"['CHEBI:35176', 'DRUGBANK:DB14222']",MONDO:0000945,0,['CHEBI:35176'],,missing_drug
"['CHEBI:35176', 'DRUGBANK:DB14222']",MONDO:0003778,0,['CHEBI:35176'],,missing_drug
"['CHEBI:3614', 'CHEBI:6456']",UMLS:C0851439,1,[],UMLS:C0851439,missing_disease
"['CHEBI:3614', 'CHEBI:9328']",UMLS:C0043241,1,['CHEBI:9328'],,missing_drug
"['CHEBI:3654', 'CHEBI:68845']",UniProtKB:O75175,1,[],UniProtKB:O75175,missing_disease
"['CHEBI:36560', 'CHEBI:50819']",UMLS:C0424499,1,[],UMLS:C0424499,missing_disease
"['CHEBI:36560', 'DRUGBANK:DB11058']",UMLS:C0011593,1,[],UMLS:C0011593,missing_disease
"['CHEBI:36560', 'DRUGBANK:DB11111']",UMLS:C5437085,1,[],UMLS:C5437085,missing_disease
"['CHEBI:36578', 'CHEBI:47519']",MONDO:0006608,1,['CHEBI:47519'],,missing_drug
"['CHEBI:36578', 'CHEBI:47519']",MONDO:0006609,1,['CHEBI:47519'],,missing_drug
"['CHEBI:36773', 'DRUGBANK:DB15836']",MONDO:0012511,0,"['CHEBI:36773', 'DRUGBANK:DB15836']",,missing_drug
"['CHEBI:36773', 'DRUGBANK:DB15836']",UMLS:C0332798,0,"['CHEBI:36773', 'DRUGBANK:DB15836']",,missing_drug
"['CHEBI:36773', 'UNII:2R04ONI662']",HP:0003326,1,['CHEBI:36773'],,missing_drug
"['CHEBI:36773', 'UNII:2R04ONI662']",HP:0410339,1,['CHEBI:36773'],,missing_drug
"['CHEBI:36773', 'UNII:2R04ONI662']",UMLS:C0281856,1,['CHEBI:36773'],,missing_drug
"['CHEBI:3697', 'CHEBI:471744']",MONDO:0018542,1,['CHEBI:471744'],,missing_drug
"['CHEBI:3697', 'CHEBI:471744']",MONDO:0100338,1,['CHEBI:471744'],,missing_drug
"['CHEBI:3697', 'CHEBI:471744']",MONDO:0700051,1,['CHEBI:471744'],,missing_drug
"['CHEBI:3697', 'CHEBI:471744']",UMLS:C0520767,1,['CHEBI:471744'],,missing_drug
"['CHEBI:3697', 'CHEBI:471744']",UMLS:C0684256,1,['CHEBI:471744'],,missing_drug
"['CHEBI:3697', 'CHEBI:471744']",UMLS:C0729565,1,['CHEBI:471744'],UMLS:C0729565,missing_drug+missing_disease
"['CHEBI:3697', 'CHEBI:471744']",UMLS:C0851989,1,['CHEBI:471744'],UMLS:C0851989,missing_drug+missing_disease
"['CHEBI:3697', 'CHEBI:471744']",UMLS:C0852351,1,['CHEBI:471744'],UMLS:C0852351,missing_drug+missing_disease
"['CHEBI:3697', 'CHEBI:471744']",UMLS:C1112209,1,['CHEBI:471744'],,missing_drug
"['CHEBI:3697', 'CHEBI:471744']",UMLS:C1535882,1,['CHEBI:471744'],,missing_drug
"['CHEBI:3697', 'CHEBI:471744']",UMLS:C1698397,1,['CHEBI:471744'],UMLS:C1698397,missing_drug+missing_disease
"['CHEBI:3697', 'CHEBI:471744', 'UNII:1OQF7TT3PF']",MONDO:0004652,1,"['CHEBI:471744', 'UNII:1OQF7TT3PF']",,missing_drug
"['CHEBI:3697', 'CHEBI:471744', 'UNII:1OQF7TT3PF']",MONDO:0006939,1,"['CHEBI:471744', 'UNII:1OQF7TT3PF']",,missing_drug
"['CHEBI:3697', 'CHEBI:471744', 'UNII:1OQF7TT3PF']",MONDO:0021678,1,"['CHEBI:471744', 'UNII:1OQF7TT3PF']",,missing_drug
"['CHEBI:3697', 'CHEBI:471744', 'UNII:1OQF7TT3PF']",MONDO:0100338,1,"['CHEBI:471744', 'UNII:1OQF7TT3PF']",,missing_drug
"['CHEBI:3697', 'CHEBI:471744', 'UNII:1OQF7TT3PF']",UMLS:C1112209,1,"['CHEBI:471744', 'UNII:1OQF7TT3PF']",,missing_drug
"['CHEBI:3698', 'CHEBI:601027']",MONDO:0017123,0,['CHEBI:601027'],,missing_drug
"['CHEBI:3698', 'CHEBI:601027']",UMLS:C1802373,0,['CHEBI:601027'],UMLS:C1802373,missing_drug+missing_disease
"['CHEBI:3732', 'CHEBI:47519']",MONDO:0001106,0,['CHEBI:47519'],,missing_drug
"['CHEBI:3732', 'CHEBI:50275']",MONDO:0005113,1,['CHEBI:50275'],,missing_drug
"['CHEBI:3746', 'CHEBI:47519']",MONDO:0006014,1,['CHEBI:47519'],,missing_drug
"['CHEBI:3764', 'CHEBI:41879']",MONDO:0001405,1,['CHEBI:41879'],,missing_drug
"['CHEBI:3764', 'CHEBI:41879']",MONDO:0001461,1,['CHEBI:41879'],,missing_drug
"['CHEBI:3764', 'CHEBI:41879']",MONDO:0002026,1,['CHEBI:41879'],,missing_drug
"['CHEBI:3764', 'CHEBI:41879']",MONDO:0002885,1,['CHEBI:41879'],,missing_drug
"['CHEBI:3764', 'CHEBI:41879']",MONDO:0002922,1,['CHEBI:41879'],,missing_drug
"['CHEBI:3764', 'CHEBI:41879']",MONDO:0005915,1,['CHEBI:41879'],,missing_drug
"['CHEBI:3764', 'CHEBI:41879']",MONDO:0005984,1,['CHEBI:41879'],,missing_drug
"['CHEBI:3764', 'CHEBI:41879']",MONDO:0021201,1,['CHEBI:41879'],,missing_drug
"['CHEBI:3764', 'CHEBI:41879']",MONDO:0024268,1,['CHEBI:41879'],,missing_drug
"['CHEBI:37924', 'CHEBI:45409']",MONDO:0005109,1,['CHEBI:37924'],,missing_drug
"['CHEBI:37924', 'CHEBI:72291']",MONDO:0005109,1,['CHEBI:37924'],,missing_drug
"['CHEBI:37924', 'CHEBI:72291']",UniProtKB:A0A8D1B937,1,['CHEBI:37924'],UniProtKB:A0A8D1B937,missing_drug+missing_disease
"['CHEBI:37924', 'CHEBI:9139']",MONDO:0005149,0,['CHEBI:37924'],,missing_drug
"['CHEBI:39867', 'CHEBI:49713', 'CHEBI:7735']",MONDO:0004985,1,['CHEBI:39867'],,missing_drug
"['CHEBI:39867', 'CHEBI:70735']",MONDO:0024613,1,"['CHEBI:39867', 'CHEBI:70735']",,missing_drug
"['CHEBI:39867', 'CHEBI:71255']",MONDO:0004985,1,['CHEBI:39867'],,missing_drug
"['CHEBI:39867', 'CHEBI:8707']",MONDO:0004985,1,['CHEBI:39867'],,missing_drug
"['CHEBI:39867', 'CHEBI:8871']",HP:0100754,1,['CHEBI:39867'],,missing_drug
"['CHEBI:39867', 'CHEBI:8871']",UMLS:C2937260,1,['CHEBI:39867'],UMLS:C2937260,missing_drug+missing_disease
"['CHEBI:39867', 'UNII:70BSQ12069']",MONDO:0002009,1,['CHEBI:39867'],,missing_drug
"['CHEBI:4027', 'CHEBI:41879', 'CHEBI:74947']",MONDO:0019438,1,"['CHEBI:4027', 'CHEBI:41879']",,missing_drug
"['CHEBI:4027', 'CHEBI:63599', 'PUBCHEM.COMPOUND:91820602', 'UNII:4F4X42SYQ6']",MONDO:0002083,1,['CHEBI:4027'],,missing_drug
"['CHEBI:4027', 'CHEBI:63599', 'UNII:4F4X42SYQ6']",MONDO:0002083,1,['CHEBI:4027'],,missing_drug
"['CHEBI:4027', 'PUBCHEM.COMPOUND:91820602', 'UNII:4F4X42SYQ6']",MONDO:0002083,1,['CHEBI:4027'],,missing_drug
"['CHEBI:4027', 'PUBCHEM.COMPOUND:91820602', 'UNII:4F4X42SYQ6']",UMLS:C0855068,1,['CHEBI:4027'],UMLS:C0855068,missing_drug+missing_disease
"['CHEBI:4027', 'UNII:O880NM097T']",MONDO:0012105,1,['CHEBI:4027'],,missing_drug
"['CHEBI:4027', 'UNII:O880NM097T']",MONDO:0019124,1,['CHEBI:4027'],,missing_drug
"['CHEBI:41872', 'UNII:877376V2XW']",UMLS:C0729771,1,[],UMLS:C0729771,missing_disease
"['CHEBI:41879', 'CHEBI:51450']",UMLS:C4551678,1,['CHEBI:41879'],UMLS:C4551678,missing_drug+missing_disease
"['CHEBI:41879', 'CHEBI:52010']",MONDO:0001317,1,"['CHEBI:41879', 'CHEBI:52010']",,missing_drug
"['CHEBI:41879', 'CHEBI:52010']",MONDO:0005642,1,"['CHEBI:41879', 'CHEBI:52010']",,missing_drug
"['CHEBI:41879', 'CHEBI:52010']",MONDO:0019085,1,"['CHEBI:41879', 'CHEBI:52010']",,missing_drug
"['CHEBI:41879', 'CHEBI:52717', 'CHEBI:63791', 'UNII:R30772KCU0']",MONDO:0010643,1,['CHEBI:41879'],,missing_drug
"['CHEBI:41879', 'CHEBI:52717', 'CHEBI:85990']",UMLS:C4551538,1,['CHEBI:41879'],,missing_drug
"['CHEBI:41879', 'CHEBI:52717', 'PUBCHEM.COMPOUND:91820602', 'UNII:4Z63YK6E0E']",CHEBI:91326,1,['CHEBI:41879'],,missing_drug
"['CHEBI:41879', 'CHEBI:52717', 'UNII:4Z63YK6E0E']",CHEBI:91326,1,['CHEBI:41879'],,missing_drug
"['CHEBI:41879', 'CHEBI:5280']",UMLS:C0851772,1,['CHEBI:41879'],UMLS:C0851772,missing_drug+missing_disease
"['CHEBI:41879', 'CHEBI:63598']",NCIT:C3137,1,['CHEBI:41879'],,missing_drug
"['CHEBI:41879', 'CHEBI:63598']",UMLS:C0851439,1,['CHEBI:41879'],UMLS:C0851439,missing_drug+missing_disease
"['CHEBI:41879', 'CHEBI:63611']",UMLS:C0015404,1,"['CHEBI:41879', 'CHEBI:63611']",,missing_drug
"['CHEBI:41879', 'CHEBI:63611']",UMLS:C0392618,1,"['CHEBI:41879', 'CHEBI:63611']",,missing_drug
"['CHEBI:41879', 'CHEBI:63611']",UMLS:C0549436,1,"['CHEBI:41879', 'CHEBI:63611']",UMLS:C0549436,missing_drug+missing_disease
"['CHEBI:41879', 'CHEBI:63791']",MONDO:0009693,1,['CHEBI:41879'],,missing_drug
"['CHEBI:41879', 'CHEBI:63791']",UMLS:C0018956,1,['CHEBI:41879'],,missing_drug
"['CHEBI:41879', 'CHEBI:63791', 'CHEBI:90942']",CHEBI:91326,1,"['CHEBI:41879', 'CHEBI:90942']",,missing_drug
"['CHEBI:41879', 'CHEBI:63791', 'PUBCHEM.COMPOUND:91820602', 'UNII:4Z63YK6E0E']",CHEBI:91326,1,['CHEBI:41879'],,missing_drug
"['CHEBI:41879', 'CHEBI:63791', 'UNII:1351PE5UGS']",UMLS:C4551538,1,['CHEBI:41879'],,missing_drug
"['CHEBI:41879', 'CHEBI:6456']",MONDO:0002127,1,['CHEBI:41879'],,missing_drug
"['CHEBI:41879', 'CHEBI:6456', 'CHEBI:7507', 'CHEBI:8310']",MONDO:0004795,1,['CHEBI:41879'],,missing_drug
"['CHEBI:41879', 'CHEBI:72690']",CHEBI:63791,1,['CHEBI:41879'],,missing_drug
"['CHEBI:41879', 'CHEBI:72690', 'PUBCHEM.COMPOUND:91820602', 'UNII:4Z63YK6E0E']",CHEBI:63791,1,['CHEBI:41879'],,missing_drug
"['CHEBI:41879', 'CHEBI:72690', 'UNII:4Z63YK6E0E']",CHEBI:63791,1,['CHEBI:41879'],,missing_drug
"['CHEBI:41879', 'CHEBI:72690', 'UNII:R30772KCU0']",CHEBI:63791,1,['CHEBI:41879'],,missing_drug
"['CHEBI:41879', 'CHEBI:7470']",MONDO:0003799,1,['CHEBI:41879'],,missing_drug
"['CHEBI:41879', 'CHEBI:74947']",MONDO:0009693,1,['CHEBI:41879'],,missing_drug
"['CHEBI:41879', 'CHEBI:7507']",MONDO:0002406,1,['CHEBI:41879'],,missing_drug
"['CHEBI:41879', 'CHEBI:7507']",MONDO:0004980,1,['CHEBI:41879'],,missing_drug
"['CHEBI:41879', 'CHEBI:7507']",MONDO:0005113,1,['CHEBI:41879'],,missing_drug
"['CHEBI:41879', 'CHEBI:7507']",MONDO:0005480,1,['CHEBI:41879'],,missing_drug
"['CHEBI:41879', 'CHEBI:7507']",UMLS:C0852660,1,['CHEBI:41879'],UMLS:C0852660,missing_drug+missing_disease
"['CHEBI:41879', 'CHEBI:7507', 'CHEBI:8310']",MONDO:0005113,1,['CHEBI:41879'],,missing_drug
"['CHEBI:41879', 'CHEBI:7507', 'CHEBI:8310']",UMLS:C0015404,1,['CHEBI:41879'],,missing_drug
"['CHEBI:41879', 'CHEBI:7507', 'CHEBI:8310']",UMLS:C4551678,1,['CHEBI:41879'],UMLS:C4551678,missing_drug+missing_disease
"['CHEBI:41879', 'CHEBI:7507', 'PUBCHEM.COMPOUND:45267103']",HP:0100534,1,['CHEBI:41879'],HP:0100534,missing_drug+missing_disease
"['CHEBI:41879', 'CHEBI:7507', 'PUBCHEM.COMPOUND:45267103']",MONDO:0002136,1,['CHEBI:41879'],,missing_drug
"['CHEBI:41879', 'CHEBI:7507', 'PUBCHEM.COMPOUND:45267103']",MONDO:0002307,1,['CHEBI:41879'],,missing_drug
"['CHEBI:41879', 'CHEBI:7507', 'PUBCHEM.COMPOUND:45267103']",MONDO:0004773,1,['CHEBI:41879'],,missing_drug
"['CHEBI:41879', 'CHEBI:7507', 'PUBCHEM.COMPOUND:45267103']",MONDO:0005642,1,['CHEBI:41879'],,missing_drug
"['CHEBI:41879', 'CHEBI:7507', 'PUBCHEM.COMPOUND:45267103']",UMLS:C0497209,1,['CHEBI:41879'],,missing_drug
"['CHEBI:41879', 'CHEBI:7507', 'PUBCHEM.COMPOUND:45267103']",UMLS:C4285790,1,['CHEBI:41879'],UMLS:C4285790,missing_drug+missing_disease
"['CHEBI:41879', 'CHEBI:7507', 'PUBCHEM.COMPOUND:45267103']",UMLS:C4551678,1,['CHEBI:41879'],UMLS:C4551678,missing_drug+missing_disease
"['CHEBI:41879', 'CHEBI:82981']",MONDO:0006014,1,['CHEBI:41879'],,missing_drug
"['CHEBI:41879', 'CHEBI:85155', 'CHEBI:85157']",EFO:0006911,1,['CHEBI:41879'],,missing_drug
"['CHEBI:41879', 'UNII:4O5J85GJJB']",MONDO:0003799,1,['CHEBI:41879'],,missing_drug
"['CHEBI:41879', 'UNII:4O5J85GJJB']",UMLS:C0015404,1,['CHEBI:41879'],,missing_drug
"['CHEBI:41879', 'UNII:4O5J85GJJB']",UMLS:C4551678,1,['CHEBI:41879'],UMLS:C4551678,missing_drug+missing_disease
"['CHEBI:41879', 'UNII:F70C5K4786']",UNII:CUJ2MVI71Y,1,['CHEBI:41879'],,missing_drug
"['CHEBI:42355', 'CHEBI:5108']",MONDO:0005230,1,['CHEBI:42355'],,missing_drug
"['CHEBI:42355', 'CHEBI:6067']",MONDO:0011438,1,['CHEBI:42355'],,missing_drug
"['CHEBI:42355', 'CHEBI:62984']",MONDO:0011438,1,['CHEBI:42355'],,missing_drug
"['CHEBI:42355', 'CHEBI:82405']",MONDO:0011438,1,['CHEBI:42355'],,missing_drug
"['CHEBI:43755', 'CHEBI:5778']",MONDO:0005044,1,['CHEBI:43755'],,missing_drug
"['CHEBI:43968', 'UNII:1C75676F8V']",MONDO:0100338,1,['CHEBI:43968'],,missing_drug
"['CHEBI:44185', 'UMLS:C0010592']",MONDO:0005083,0,['UMLS:C0010592'],,missing_drug
"['CHEBI:4470', 'CHEBI:46195', 'CHEBI:51209']",UMLS:C0852402,1,[],UMLS:C0852402,missing_disease
"['CHEBI:4470', 'CHEBI:46195', 'CHEBI:51209', 'CHEBI:52010']",MONDO:0005709,1,['CHEBI:52010'],,missing_drug
"['CHEBI:4470', 'CHEBI:46195', 'CHEBI:51209', 'CHEBI:52010', 'CHEBI:5551']",HP:0001742,1,['CHEBI:52010'],,missing_drug
"['CHEBI:4470', 'CHEBI:46195', 'CHEBI:51209', 'CHEBI:52010', 'CHEBI:5551']",HP:0001945,1,['CHEBI:52010'],,missing_drug
"['CHEBI:4470', 'CHEBI:46195', 'CHEBI:51209', 'CHEBI:52010', 'CHEBI:5551']",HP:0012531,1,['CHEBI:52010'],,missing_drug
"['CHEBI:4470', 'CHEBI:46195', 'CHEBI:51209', 'CHEBI:52010', 'CHEBI:5551']",HP:0012735,1,['CHEBI:52010'],,missing_drug
"['CHEBI:4470', 'CHEBI:46195', 'CHEBI:51209', 'CHEBI:52010', 'CHEBI:5551']",MONDO:0005271,1,['CHEBI:52010'],,missing_drug
"['CHEBI:4470', 'CHEBI:46195', 'CHEBI:52010']",HP:0001945,1,['CHEBI:52010'],,missing_drug
"['CHEBI:4470', 'CHEBI:46195', 'CHEBI:52010']",MONDO:0005709,1,['CHEBI:52010'],,missing_drug
"['CHEBI:4470', 'CHEBI:46195', 'CHEBI:52010']",MONDO:0005812,1,['CHEBI:52010'],,missing_drug
"['CHEBI:4470', 'CHEBI:46195', 'CHEBI:52010', 'CHEBI:5551']",HP:0001945,1,['CHEBI:52010'],,missing_drug
"['CHEBI:4470', 'CHEBI:46195', 'CHEBI:52010', 'CHEBI:5551']",HP:0012735,1,['CHEBI:52010'],,missing_drug
"['CHEBI:4470', 'CHEBI:46195', 'CHEBI:52010', 'CHEBI:5551']",MONDO:0005812,1,['CHEBI:52010'],,missing_drug
"['CHEBI:4470', 'CHEBI:46195', 'CHEBI:52010', 'CHEBI:5551']",UMLS:C0852402,1,['CHEBI:52010'],UMLS:C0852402,missing_drug+missing_disease
"['CHEBI:4470', 'CHEBI:46195', 'CHEBI:52010', 'CHEBI:8093']",HP:0001945,1,['CHEBI:52010'],,missing_drug
"['CHEBI:4470', 'CHEBI:46195', 'CHEBI:52010', 'CHEBI:8093']",MONDO:0005709,1,['CHEBI:52010'],,missing_drug
"['CHEBI:4470', 'CHEBI:46195', 'CHEBI:52010', 'PUBCHEM.COMPOUND:4786']",HP:0001742,1,['CHEBI:52010'],,missing_drug
"['CHEBI:4470', 'CHEBI:46195', 'CHEBI:52010', 'PUBCHEM.COMPOUND:4786']",HP:0012735,1,['CHEBI:52010'],,missing_drug
"['CHEBI:4470', 'CHEBI:46195', 'CHEBI:52010', 'PUBCHEM.COMPOUND:4786']",MONDO:0005709,1,['CHEBI:52010'],,missing_drug
"['CHEBI:4470', 'CHEBI:46195', 'CHEBI:52010', 'UNII:S3V868548T']",HP:0001742,1,"['CHEBI:52010', 'UNII:S3V868548T']",,missing_drug
"['CHEBI:4470', 'CHEBI:46195', 'CHEBI:52010', 'UNII:S3V868548T']",MONDO:0005709,1,"['CHEBI:52010', 'UNII:S3V868548T']",,missing_drug
"['CHEBI:4470', 'CHEBI:4636', 'CHEBI:77032', 'PUBCHEM.COMPOUND:4786']",HP:0012735,1,['CHEBI:77032'],,missing_drug
"['CHEBI:4470', 'CHEBI:4636', 'CHEBI:77032', 'PUBCHEM.COMPOUND:4786']",MONDO:0005709,1,['CHEBI:77032'],,missing_drug
"['CHEBI:4470', 'CHEBI:51209', 'CHEBI:52010']",HP:0012735,1,['CHEBI:52010'],,missing_drug
"['CHEBI:4470', 'CHEBI:51209', 'CHEBI:52010']",UMLS:C0700184,1,['CHEBI:52010'],,missing_drug
"['CHEBI:4470', 'CHEBI:51209', 'CHEBI:84116']",UMLS:C0852126,1,['CHEBI:84116'],UMLS:C0852126,missing_drug+missing_disease
"['CHEBI:4470', 'CHEBI:52010']",MONDO:0005607,1,['CHEBI:52010'],,missing_drug
"['CHEBI:4470', 'CHEBI:52010', 'CHEBI:5551']",HP:0012735,1,['CHEBI:52010'],,missing_drug
"['CHEBI:4470', 'CHEBI:52010', 'CHEBI:5551', 'CHEBI:8093']",HP:0001742,1,['CHEBI:52010'],,missing_drug
"['CHEBI:4470', 'CHEBI:52010', 'CHEBI:5551', 'CHEBI:8093']",HP:0012735,1,['CHEBI:52010'],,missing_drug
"['CHEBI:4470', 'CHEBI:52010', 'CHEBI:5551', 'PUBCHEM.COMPOUND:4786']",HP:0012735,1,['CHEBI:52010'],,missing_drug
"['CHEBI:4470', 'CHEBI:52010', 'CHEBI:5551', 'PUBCHEM.COMPOUND:4786']",MONDO:0003781,1,['CHEBI:52010'],,missing_drug
"['CHEBI:4470', 'CHEBI:52010', 'CHEBI:5551', 'UNII:S3V868548T']",HP:0012735,1,"['CHEBI:52010', 'UNII:S3V868548T']",,missing_drug
"['CHEBI:4470', 'CHEBI:52010', 'CHEBI:5855', 'CHEBI:8093']",MONDO:0005709,1,['CHEBI:52010'],,missing_drug
"['CHEBI:4470', 'CHEBI:52010', 'CHEBI:8093']",HP:0001742,1,['CHEBI:52010'],,missing_drug
"['CHEBI:4470', 'CHEBI:52010', 'CHEBI:8093']",HP:0012735,1,['CHEBI:52010'],,missing_drug
"['CHEBI:4470', 'CHEBI:52010', 'CHEBI:8093']",HP:0025095,1,['CHEBI:52010'],,missing_drug
"['CHEBI:4470', 'CHEBI:52010', 'CHEBI:8093']",MONDO:0005709,1,['CHEBI:52010'],,missing_drug
"['CHEBI:4470', 'CHEBI:52010', 'CHEBI:8093']",UMLS:C0700184,1,['CHEBI:52010'],,missing_drug
"['CHEBI:4470', 'CHEBI:52010', 'CHEBI:8093']",UMLS:C3257803,1,['CHEBI:52010'],,missing_drug
"['CHEBI:4470', 'CHEBI:52010', 'CHEBI:85537']",MONDO:0005709,1,['CHEBI:52010'],,missing_drug
"['CHEBI:4470', 'CHEBI:52010', 'CHEBI:85537']",UMLS:C0577662,1,['CHEBI:52010'],,missing_drug
"['CHEBI:4470', 'CHEBI:52010', 'PUBCHEM.COMPOUND:4786']",HP:0001742,1,['CHEBI:52010'],,missing_drug
"['CHEBI:4470', 'CHEBI:52010', 'PUBCHEM.COMPOUND:4786']",HP:0012735,1,['CHEBI:52010'],,missing_drug
"['CHEBI:4470', 'CHEBI:52010', 'UNII:S3V868548T']",UMLS:C0577662,1,"['CHEBI:52010', 'UNII:S3V868548T']",,missing_drug
"['CHEBI:4470', 'CHEBI:5551', 'CHEBI:77032']",MONDO:0005709,1,['CHEBI:77032'],,missing_drug
"['CHEBI:4470', 'CHEBI:5551', 'UNII:S3V868548T']",HP:0012735,1,['UNII:S3V868548T'],,missing_drug
"['CHEBI:4470', 'CHEBI:5551', 'UNII:S3V868548T']",MONDO:0005607,1,['UNII:S3V868548T'],,missing_drug
"['CHEBI:4470', 'CHEBI:77032']",HP:0012735,1,['CHEBI:77032'],,missing_drug
"['CHEBI:4470', 'CHEBI:8093', 'CHEBI:84116']",HP:0001742,1,['CHEBI:84116'],,missing_drug
"['CHEBI:4470', 'CHEBI:8093', 'CHEBI:84116']",HP:0012735,1,['CHEBI:84116'],,missing_drug
"['CHEBI:4470', 'CHEBI:8093', 'CHEBI:84116']",HP:0025095,1,['CHEBI:84116'],,missing_drug
"['CHEBI:4470', 'CHEBI:8093', 'CHEBI:84116']",MONDO:0005709,1,['CHEBI:84116'],,missing_drug
"['CHEBI:4470', 'CHEBI:8093', 'CHEBI:84116']",UMLS:C3257803,1,['CHEBI:84116'],,missing_drug
"['CHEBI:4470', 'CHEBI:8461']",UMLS:C0749874,1,[],UMLS:C0749874,missing_disease
"['CHEBI:4470', 'UNII:S3V868548T']",MONDO:0005607,1,['UNII:S3V868548T'],,missing_drug
"['CHEBI:4470', 'UNII:S3V868548T']",MONDO:0025598,1,['UNII:S3V868548T'],,missing_drug
"['CHEBI:45409', 'CHEBI:63580', 'CHEBI:85182', 'CHEBI:85183', 'UNII:OU2YM37K86']",UMLS:C4049393,1,[],UMLS:C4049393,missing_disease
"['CHEBI:45409', 'CHEBI:85182', 'CHEBI:85183', 'UNII:OU2YM37K86']",UMLS:C4049394,1,[],UMLS:C4049394,missing_disease
"['CHEBI:45863', 'UNII:5384HK7574']",CHEBI:4027,1,['UNII:5384HK7574'],CHEBI:4027,missing_drug+missing_disease
"['CHEBI:45924', 'CHEBI:88258']",UMLS:C0729525,1,[],UMLS:C0729525,missing_disease
"['CHEBI:45924', 'CHEBI:88258']",UMLS:C0860551,0,[],UMLS:C0860551,missing_disease
"['CHEBI:45924', 'CHEBI:88258']",UMLS:C0919924,0,[],UMLS:C0919924,missing_disease
"['CHEBI:45924', 'CHEBI:88258']",UMLS:C2363723,1,[],UMLS:C2363723,missing_disease
"['CHEBI:45924', 'CHEBI:88258']",UMLS:C3544325,1,[],UMLS:C3544325,missing_disease
"['CHEBI:46195', 'CHEBI:51209']",UMLS:C0264222,1,[],UMLS:C0264222,missing_disease
"['CHEBI:46195', 'CHEBI:51209', 'CHEBI:52010']",UMLS:C0264222,1,['CHEBI:52010'],UMLS:C0264222,missing_drug+missing_disease
"['CHEBI:46195', 'CHEBI:51209', 'CHEBI:52010', 'CHEBI:94607']",UMLS:C0264222,1,['CHEBI:52010'],UMLS:C0264222,missing_drug+missing_disease
"['CHEBI:46195', 'CHEBI:51209', 'CHEBI:84116']",MONDO:0005812,1,['CHEBI:84116'],,missing_drug
"['CHEBI:46195', 'CHEBI:51209', 'CHEBI:84116']",UMLS:C0264222,1,['CHEBI:84116'],UMLS:C0264222,missing_drug+missing_disease
"['CHEBI:46195', 'CHEBI:51209', 'CHEBI:84116']",UMLS:C0949070,1,['CHEBI:84116'],,missing_drug
"['CHEBI:46195', 'CHEBI:52010']",MONDO:0005271,1,['CHEBI:52010'],,missing_drug
"['CHEBI:46195', 'CHEBI:52010']",MONDO:0005324,1,['CHEBI:52010'],,missing_drug
"['CHEBI:46195', 'CHEBI:52010']",MONDO:0005709,1,['CHEBI:52010'],,missing_drug
"['CHEBI:46195', 'CHEBI:52010', 'CHEBI:5551', 'CHEBI:8093']",HP:0001742,1,['CHEBI:52010'],,missing_drug
"['CHEBI:46195', 'CHEBI:52010', 'CHEBI:5551', 'CHEBI:8093']",HP:0001945,1,['CHEBI:52010'],,missing_drug
"['CHEBI:46195', 'CHEBI:52010', 'CHEBI:5551', 'CHEBI:8093']",MONDO:0005812,1,['CHEBI:52010'],,missing_drug
"['CHEBI:46195', 'CHEBI:52010', 'CHEBI:5551', 'CHEBI:8093']",UMLS:C0852402,1,['CHEBI:52010'],UMLS:C0852402,missing_drug+missing_disease
"['CHEBI:46195', 'CHEBI:52010', 'CHEBI:64733', 'CHEBI:8093']",HP:0001742,1,['CHEBI:52010'],,missing_drug
"['CHEBI:46195', 'CHEBI:52010', 'CHEBI:64733', 'CHEBI:8093']",HP:0001945,1,['CHEBI:52010'],,missing_drug
"['CHEBI:46195', 'CHEBI:52010', 'CHEBI:64733', 'CHEBI:8093']",MONDO:0005709,1,['CHEBI:52010'],,missing_drug
"['CHEBI:46195', 'CHEBI:52010', 'CHEBI:64733', 'CHEBI:8093']",UMLS:C0852402,1,['CHEBI:52010'],UMLS:C0852402,missing_drug+missing_disease
"['CHEBI:46195', 'CHEBI:52010', 'CHEBI:73237', 'CHEBI:8093']",MONDO:0005709,1,['CHEBI:52010'],,missing_drug
"['CHEBI:46195', 'CHEBI:52010', 'CHEBI:8093']",HP:0001742,1,['CHEBI:52010'],,missing_drug
"['CHEBI:46195', 'CHEBI:52010', 'CHEBI:8093']",HP:0001945,1,['CHEBI:52010'],,missing_drug
"['CHEBI:46195', 'CHEBI:52010', 'CHEBI:8093']",MONDO:0005709,1,['CHEBI:52010'],,missing_drug
"['CHEBI:46195', 'CHEBI:52010', 'CHEBI:8093']",MONDO:0005812,1,['CHEBI:52010'],,missing_drug
"['CHEBI:46195', 'CHEBI:52010', 'CHEBI:8093']",MONDO:0005961,1,['CHEBI:52010'],,missing_drug
"['CHEBI:46195', 'CHEBI:52010', 'CHEBI:8093']",MONDO:0011786,1,['CHEBI:52010'],,missing_drug
"['CHEBI:46195', 'CHEBI:52010', 'CHEBI:8093']",MONDO:0024355,1,['CHEBI:52010'],,missing_drug
"['CHEBI:46195', 'CHEBI:52010', 'CHEBI:8093', 'CHEBI:94607']",MONDO:0005709,1,['CHEBI:52010'],,missing_drug
"['CHEBI:46195', 'CHEBI:52010', 'CHEBI:94607']",UMLS:C0264222,1,['CHEBI:52010'],UMLS:C0264222,missing_drug+missing_disease
"['CHEBI:46195', 'CHEBI:5551', 'CHEBI:6762', 'CHEBI:8093']",UMLS:C0264222,1,[],UMLS:C0264222,missing_disease
"['CHEBI:46195', 'CHEBI:5551', 'CHEBI:8093']",UMLS:C0741789,1,[],UMLS:C0741789,missing_disease
"['CHEBI:46195', 'CHEBI:5551', 'CHEBI:8093']",UMLS:C0852402,1,[],UMLS:C0852402,missing_disease
"['CHEBI:46195', 'CHEBI:7789']",UMLS:C1736180,1,[],UMLS:C1736180,missing_disease
"['CHEBI:46195', 'CHEBI:7982']",UMLS:C0278138,1,[],UMLS:C0278138,missing_disease
"['CHEBI:46345', 'UNII:2S9ZZM9Q9V']",UMLS:C4721579,1,[],UMLS:C4721579,missing_disease
"['CHEBI:4636', 'CHEBI:5551', 'CHEBI:77032']",HP:0012735,1,['CHEBI:77032'],,missing_drug
"['CHEBI:4636', 'CHEBI:5551', 'CHEBI:77032']",HP:0031245,1,['CHEBI:77032'],,missing_drug
"['CHEBI:4636', 'CHEBI:5551', 'CHEBI:77032']",MONDO:0001491,1,['CHEBI:77032'],,missing_drug
"['CHEBI:4636', 'CHEBI:5551', 'CHEBI:77032']",MONDO:0003781,1,['CHEBI:77032'],,missing_drug
"['CHEBI:4636', 'CHEBI:5551', 'CHEBI:77032']",UMLS:C0577662,1,['CHEBI:77032'],,missing_drug
"['CHEBI:4636', 'CHEBI:5551', 'CHEBI:85537', 'CHEBI:94484']",UMLS:C0549313,1,[],UMLS:C0549313,missing_disease
"['CHEBI:4672', 'PUBCHEM.COMPOUND:91820602', 'UNII:5384HK7574', 'UNII:K16AIQ8CTM']",MONDO:0024883,1,['UNII:5384HK7574'],,missing_drug
"['CHEBI:4672', 'UNII:5384HK7574']",CHEBI:4027,1,['UNII:5384HK7574'],CHEBI:4027,missing_drug+missing_disease
"['CHEBI:4672', 'UNII:5384HK7574', 'UNII:K16AIQ8CTM']",MONDO:0024883,1,['UNII:5384HK7574'],,missing_drug
"['CHEBI:47381', 'CHEBI:6456']",HP:0001945,1,['CHEBI:47381'],,missing_drug
"['CHEBI:47381', 'CHEBI:6456']",HP:0002829,1,['CHEBI:47381'],,missing_drug
"['CHEBI:47381', 'CHEBI:6456']",HP:0003326,1,['CHEBI:47381'],,missing_drug
"['CHEBI:47381', 'CHEBI:6456']",HP:0012531,1,['CHEBI:47381'],,missing_drug
"['CHEBI:47381', 'CHEBI:6456']",HP:0032510,1,['CHEBI:47381'],,missing_drug
"['CHEBI:47381', 'CHEBI:6456']",MONDO:0005393,1,['CHEBI:47381'],,missing_drug
"['CHEBI:47381', 'CHEBI:6456']",MONDO:0005554,1,['CHEBI:47381'],,missing_drug
"['CHEBI:47381', 'CHEBI:6456']",MONDO:0005578,1,['CHEBI:47381'],,missing_drug
"['CHEBI:47381', 'CHEBI:6456']",MONDO:0008383,1,['CHEBI:47381'],,missing_drug
"['CHEBI:47381', 'CHEBI:6456']",MONDO:0021167,1,['CHEBI:47381'],,missing_drug
"['CHEBI:47381', 'CHEBI:6456']",NCIT:C3137,1,['CHEBI:47381'],,missing_drug
"['CHEBI:47381', 'CHEBI:6456']",UMLS:C0423673,1,['CHEBI:47381'],,missing_drug
"['CHEBI:47381', 'CHEBI:6456']",UMLS:C0751371,1,['CHEBI:47381'],,missing_drug
"['CHEBI:47381', 'CHEBI:7789']",NCIT:C3244,1,['CHEBI:47381'],,missing_drug
"['CHEBI:47381', 'CHEBI:7789']",NCIT:C34887,1,['CHEBI:47381'],,missing_drug
"['CHEBI:47381', 'CHEBI:7789']",UBERON:0001130,1,['CHEBI:47381'],,missing_drug
"['CHEBI:47381', 'CHEBI:7789']",UMLS:C0278147,1,['CHEBI:47381'],,missing_drug
"['CHEBI:47381', 'CHEBI:94557']",HP:0002487,1,['CHEBI:47381'],,missing_drug
"['CHEBI:47381', 'CHEBI:94557']",HP:0012531,1,['CHEBI:47381'],,missing_drug
"['CHEBI:47381', 'CHEBI:94557']",MONDO:0005578,1,['CHEBI:47381'],,missing_drug
"['CHEBI:47381', 'CHEBI:94557']",MONDO:0019735,1,['CHEBI:47381'],,missing_drug
"['CHEBI:47381', 'CHEBI:94557']",NCIT:C34887,1,['CHEBI:47381'],,missing_drug
"['CHEBI:47381', 'CHEBI:94557']",UMLS:C0423673,1,['CHEBI:47381'],,missing_drug
"['CHEBI:47381', 'CHEBI:94557']",UMLS:C0699896,1,['CHEBI:47381'],UMLS:C0699896,missing_drug+missing_disease
"['CHEBI:47381', 'CHEBI:94557']",UMLS:C0740418,1,['CHEBI:47381'],UMLS:C0740418,missing_drug+missing_disease
"['CHEBI:47381', 'CHEBI:94557']",UMLS:C1611174,1,['CHEBI:47381'],,missing_drug
"['CHEBI:47381', 'CHEBI:9654']",UMLS:C0234251,1,['CHEBI:47381'],,missing_drug
"['CHEBI:47381', 'CHEBI:9667']",MONDO:0002508,1,['CHEBI:47381'],,missing_drug
"['CHEBI:47381', 'CHEBI:9667']",MONDO:0005318,1,['CHEBI:47381'],,missing_drug
"['CHEBI:47381', 'CHEBI:9667']",MONDO:0006723,1,['CHEBI:47381'],,missing_drug
"['CHEBI:47381', 'CHEBI:9667']",MONDO:0021245,1,['CHEBI:47381'],,missing_drug
"['CHEBI:47381', 'CHEBI:9667']",MONDO:0043923,1,['CHEBI:47381'],,missing_drug
"['CHEBI:474053', 'CHEBI:6456']",MONDO:0021839,1,['CHEBI:474053'],,missing_drug
"['CHEBI:47426', 'CHEBI:9671']",UMLS:C0851300,1,[],UMLS:C0851300,missing_disease
"['CHEBI:478164', 'CHEBI:6909']",UMLS:C1112209,1,['CHEBI:478164'],,missing_drug
"['CHEBI:478164', 'UNII:80VUN7L00C']",MONDO:0100338,1,"['CHEBI:478164', 'UNII:80VUN7L00C']",,missing_drug
"['CHEBI:4784', 'CHEBI:601027']",UMLS:C1802373,0,['CHEBI:601027'],UMLS:C1802373,missing_drug+missing_disease
"['CHEBI:48213', 'CHEBI:48220']",UMLS:C0729771,1,[],UMLS:C0729771,missing_disease
"['CHEBI:48947', 'CHEBI:93248']",UMLS:C0264222,1,[],UMLS:C0264222,missing_disease
"['CHEBI:48947', 'CHEBI:93248']",UMLS:C0859304,1,[],UMLS:C0859304,missing_disease
"['CHEBI:48947', 'CHEBI:9587']",UMLS:C0729565,1,[],UMLS:C0729565,missing_disease
"['CHEBI:48947', 'CHEBI:9587']",UMLS:C0851439,1,[],UMLS:C0851439,missing_disease
"['CHEBI:48947', 'CHEBI:9587']",UMLS:C0851631,1,[],UMLS:C0851631,missing_disease
"['CHEBI:48947', 'CHEBI:9587']",UMLS:C0851989,1,[],UMLS:C0851989,missing_disease
"['CHEBI:48947', 'CHEBI:9587']",UMLS:C5577613,1,[],UMLS:C5577613,missing_disease
"['CHEBI:48981', 'CHEBI:6456', 'CHEBI:8430']",UMLS:C5437085,1,[],UMLS:C5437085,missing_disease
"['CHEBI:4903', 'CHEBI:50815']",UMLS:C0013420,0,[],UMLS:C0013420,missing_disease
"['CHEBI:4903', 'CHEBI:50815']",UMLS:C0342513,1,[],UMLS:C0342513,missing_disease
"['CHEBI:4903', 'CHEBI:50815']",UniProtKB:Q865K8,0,[],UniProtKB:Q865K8,missing_disease
"['CHEBI:4903', 'CHEBI:50838']",UMLS:C0013420,0,[],UMLS:C0013420,missing_disease
"['CHEBI:4903', 'CHEBI:50838']",UMLS:C0337664,0,[],UMLS:C0337664,missing_disease
"['CHEBI:4903', 'CHEBI:50838']",UMLS:C0860206,0,[],UMLS:C0860206,missing_disease
"['CHEBI:4903', 'CHEBI:50838']",UMLS:C1277190,0,[],UMLS:C1277190,missing_disease
"['CHEBI:4903', 'CHEBI:50838']",UniProtKB:A0A8D1B937,0,[],UniProtKB:A0A8D1B937,missing_disease
"['CHEBI:4903', 'CHEBI:50838']",UniProtKB:Q865K8,0,[],UniProtKB:Q865K8,missing_disease
"['CHEBI:49040', 'CHEBI:50690']",MONDO:0001336,1,['CHEBI:50690'],,missing_drug
"['CHEBI:49040', 'CHEBI:50690']",MONDO:0005439,1,['CHEBI:50690'],,missing_drug
"['CHEBI:49040', 'CHEBI:50690']",MONDO:0018328,1,['CHEBI:50690'],,missing_drug
"['CHEBI:49040', 'CHEBI:50690']",UMLS:C2047520,1,['CHEBI:50690'],UMLS:C2047520,missing_drug+missing_disease
"['CHEBI:49040', 'CHEBI:9150']",UMLS:C2047520,1,[],UMLS:C2047520,missing_disease
"['CHEBI:4909', 'CHEBI:4975']",UMLS:C0740418,1,[],UMLS:C0740418,missing_disease
"['CHEBI:4909', 'CHEBI:94557']",UMLS:C0740418,1,[],UMLS:C0740418,missing_disease
"['CHEBI:49575', 'CHEBI:6043']",UMLS:C4728126,1,[],UMLS:C4728126,missing_disease
"['CHEBI:50381', 'UNII:4SED7F4BSG']",UniProtKB:O75175,1,[],UniProtKB:O75175,missing_disease
"['CHEBI:50730', 'CHEBI:94559']",MONDO:0011786,1,['CHEBI:50730'],,missing_drug
"['CHEBI:5100', 'UNII:2M3055079H']",UMLS:C4303073,0,[],UMLS:C4303073,missing_disease
"['CHEBI:5103', 'UNII:M0Q7802G2B']",UMLS:C2712370,0,[],UMLS:C2712370,missing_disease
"['CHEBI:5108', 'UNII:WA1RT89G9X']",HP:0012390,1,['UNII:WA1RT89G9X'],,missing_drug
"['CHEBI:5108', 'UNII:WA1RT89G9X']",HP:0033195,1,['UNII:WA1RT89G9X'],,missing_drug
"['CHEBI:5108', 'UNII:WA1RT89G9X']",MONDO:0004872,1,['UNII:WA1RT89G9X'],,missing_drug
"['CHEBI:5108', 'UNII:WA1RT89G9X']",UMLS:C4286025,1,['UNII:WA1RT89G9X'],UMLS:C4286025,missing_drug+missing_disease
"['CHEBI:51209', 'CHEBI:52010']",HP:0001742,1,['CHEBI:52010'],,missing_drug
"['CHEBI:51209', 'CHEBI:52010']",HP:0025095,1,['CHEBI:52010'],,missing_drug
"['CHEBI:51209', 'CHEBI:52010']",MONDO:0005324,1,['CHEBI:52010'],,missing_drug
"['CHEBI:51209', 'CHEBI:52010']",MONDO:0005709,1,['CHEBI:52010'],,missing_drug
"['CHEBI:51209', 'CHEBI:52010']",MONDO:0005961,1,['CHEBI:52010'],,missing_drug
"['CHEBI:51209', 'CHEBI:52010']",MONDO:0011786,1,['CHEBI:52010'],,missing_drug
"['CHEBI:51209', 'CHEBI:52010']",UMLS:C0949070,1,['CHEBI:52010'],,missing_drug
"['CHEBI:51209', 'CHEBI:52010', 'CHEBI:5779']",HP:0001742,1,['CHEBI:52010'],,missing_drug
"['CHEBI:51209', 'CHEBI:52010', 'CHEBI:5779']",MONDO:0005709,1,['CHEBI:52010'],,missing_drug
"['CHEBI:51209', 'CHEBI:52010', 'CHEBI:5779']",MONDO:0011786,1,['CHEBI:52010'],,missing_drug
"['CHEBI:51209', 'CHEBI:52010', 'CHEBI:5855']",HP:0001742,1,['CHEBI:52010'],,missing_drug
"['CHEBI:51209', 'CHEBI:52010', 'CHEBI:5855']",HP:0001945,1,['CHEBI:52010'],,missing_drug
"['CHEBI:51209', 'CHEBI:52010', 'CHEBI:5855']",HP:0025095,1,['CHEBI:52010'],,missing_drug
"['CHEBI:51209', 'CHEBI:52010', 'CHEBI:5855']",HP:0033050,1,['CHEBI:52010'],,missing_drug
"['CHEBI:51209', 'CHEBI:52010', 'CHEBI:5855']",MONDO:0005709,1,['CHEBI:52010'],,missing_drug
"['CHEBI:51209', 'CHEBI:52010', 'CHEBI:5855']",NCIT:C78609,1,['CHEBI:52010'],,missing_drug
"['CHEBI:51209', 'CHEBI:52010', 'CHEBI:5855']",UMLS:C0281856,1,['CHEBI:52010'],,missing_drug
"['CHEBI:51209', 'CHEBI:52010', 'CHEBI:5855']",UMLS:C0852402,1,['CHEBI:52010'],UMLS:C0852402,missing_drug+missing_disease
"['CHEBI:51209', 'CHEBI:52010', 'CHEBI:5855']",UMLS:C3257803,1,['CHEBI:52010'],,missing_drug
"['CHEBI:51209', 'CHEBI:5551', 'CHEBI:84116']",HP:0001742,1,['CHEBI:84116'],,missing_drug
"['CHEBI:51209', 'CHEBI:5551', 'CHEBI:84116']",MONDO:0005709,1,['CHEBI:84116'],,missing_drug
"['CHEBI:51209', 'CHEBI:5551', 'CHEBI:84116']",MONDO:0011786,1,['CHEBI:84116'],,missing_drug
"['CHEBI:51209', 'CHEBI:5551', 'CHEBI:84116']",UMLS:C0152029,1,['CHEBI:84116'],,missing_drug
"['CHEBI:51209', 'CHEBI:5855']",UMLS:C0848633,1,[],UMLS:C0848633,missing_disease
"['CHEBI:51209', 'CHEBI:5855']",UMLS:C0852402,1,[],UMLS:C0852402,missing_disease
"['CHEBI:51209', 'CHEBI:84116']",HP:0001742,1,['CHEBI:84116'],,missing_drug
"['CHEBI:51209', 'CHEBI:84116']",UMLS:C0852126,1,['CHEBI:84116'],UMLS:C0852126,missing_drug+missing_disease
"['CHEBI:51209', 'CHEBI:94559']",UMLS:C2721639,1,[],UMLS:C2721639,missing_disease
"['CHEBI:5130', 'CHEBI:94557']",UMLS:C0699896,1,[],UMLS:C0699896,missing_disease
"['CHEBI:5130', 'CHEBI:94557']",UMLS:C0740418,1,[],UMLS:C0740418,missing_disease
"['CHEBI:5134', 'CHEBI:5147']",UniProtKB:A0A8D1C4Q1,1,[],UniProtKB:A0A8D1C4Q1,missing_disease
"['CHEBI:5147', 'CHEBI:65346']",MONDO:0005002,1,['CHEBI:65346'],,missing_drug
"['CHEBI:5195', 'CHEBI:5950', 'CHEBI:7507', 'CHEBI:9336']",UMLS:C0851981,1,[],UMLS:C0851981,missing_disease
"['CHEBI:5195', 'CHEBI:5950', 'CHEBI:7507', 'CHEBI:9336', 'UNII:24H4NWX5CO']",UMLS:C0851981,1,[],UMLS:C0851981,missing_disease
"['CHEBI:5195', 'CHEBI:6909', 'CHEBI:9336']",UMLS:C0947873,1,[],UMLS:C0947873,missing_disease
"['CHEBI:5195', 'CHEBI:7507', 'UNII:24H4NWX5CO']",UMLS:C0947873,1,[],UMLS:C0947873,missing_disease
"['CHEBI:5195', 'DRUGBANK:DB11158', 'UNII:24H4NWX5CO']",UMLS:C0849784,1,[],UMLS:C0849784,missing_disease
"['CHEBI:5195', 'DRUGBANK:DB11158', 'UNII:24H4NWX5CO']",UMLS:C1313963,1,[],UMLS:C1313963,missing_disease
"['CHEBI:52010', 'CHEBI:53579']",HP:0031246,1,['CHEBI:52010'],,missing_drug
"['CHEBI:52010', 'CHEBI:53579']",UMLS:C0700184,1,['CHEBI:52010'],,missing_drug
"['CHEBI:52010', 'CHEBI:5551']",HP:0410324,1,['CHEBI:52010'],,missing_drug
"['CHEBI:52010', 'CHEBI:5551']",MONDO:0004784,1,['CHEBI:52010'],,missing_drug
"['CHEBI:52010', 'CHEBI:5551']",MONDO:0005271,1,['CHEBI:52010'],,missing_drug
"['CHEBI:52010', 'CHEBI:5551']",MONDO:0005324,1,['CHEBI:52010'],,missing_drug
"['CHEBI:52010', 'CHEBI:5551']",MONDO:0005492,1,['CHEBI:52010'],,missing_drug
"['CHEBI:52010', 'CHEBI:5551']",MONDO:0006547,1,['CHEBI:52010'],,missing_drug
"['CHEBI:52010', 'CHEBI:5551']",MONDO:0700226,1,['CHEBI:52010'],,missing_drug
"['CHEBI:52010', 'CHEBI:5779']",HP:0012735,1,['CHEBI:52010'],,missing_drug
"['CHEBI:52010', 'CHEBI:5779']",MONDO:0011786,1,['CHEBI:52010'],,missing_drug
"['CHEBI:52010', 'CHEBI:5779']",UMLS:C0749874,1,['CHEBI:52010'],UMLS:C0749874,missing_drug+missing_disease
"['CHEBI:52010', 'CHEBI:5855']",UMLS:C0264222,1,['CHEBI:52010'],UMLS:C0264222,missing_drug+missing_disease
"['CHEBI:52010', 'CHEBI:5855', 'CHEBI:8093']",MONDO:0005709,1,['CHEBI:52010'],,missing_drug
"['CHEBI:52010', 'CHEBI:59773']",MONDO:0005091,1,['CHEBI:52010'],,missing_drug
"['CHEBI:52010', 'CHEBI:59773']",MONDO:0024332,1,['CHEBI:52010'],,missing_drug
"['CHEBI:52010', 'CHEBI:59773']",UMLS:C0339164,1,['CHEBI:52010'],UMLS:C0339164,missing_drug+missing_disease
"['CHEBI:52010', 'CHEBI:8093']",HP:0000989,1,['CHEBI:52010'],,missing_drug
"['CHEBI:52010', 'CHEBI:8093']",HP:0001742,1,['CHEBI:52010'],,missing_drug
"['CHEBI:52010', 'CHEBI:8093']",HP:0025095,1,['CHEBI:52010'],,missing_drug
"['CHEBI:52010', 'CHEBI:8093']",MONDO:0000771,1,['CHEBI:52010'],,missing_drug
"['CHEBI:52010', 'CHEBI:8093']",MONDO:0001793,1,['CHEBI:52010'],,missing_drug
"['CHEBI:52010', 'CHEBI:8093']",MONDO:0005271,1,['CHEBI:52010'],,missing_drug
"['CHEBI:52010', 'CHEBI:8093']",MONDO:0005324,1,['CHEBI:52010'],,missing_drug
"['CHEBI:52010', 'CHEBI:8093']",MONDO:0005709,1,['CHEBI:52010'],,missing_drug
"['CHEBI:52010', 'CHEBI:8093']",UMLS:C0152029,1,['CHEBI:52010'],,missing_drug
"['CHEBI:52010', 'CHEBI:8093']",UMLS:C0700184,1,['CHEBI:52010'],,missing_drug
"['CHEBI:52010', 'CHEBI:8093']",UMLS:C3257803,1,['CHEBI:52010'],,missing_drug
"['CHEBI:52010', 'CHEBI:81717']",HP:0410324,1,['CHEBI:52010'],,missing_drug
"['CHEBI:52010', 'CHEBI:82722']",HP:0031246,1,['CHEBI:52010'],,missing_drug
"['CHEBI:52010', 'CHEBI:85537']",UMLS:C0577662,1,['CHEBI:52010'],,missing_drug
"['CHEBI:52010', 'CHEBI:9667']",HP:0000989,1,['CHEBI:52010'],,missing_drug
"['CHEBI:52010', 'CHEBI:9667']",MONDO:0003799,1,['CHEBI:52010'],,missing_drug
"['CHEBI:52010', 'CHEBI:9667']",MONDO:0005271,1,['CHEBI:52010'],,missing_drug
"['CHEBI:52010', 'CHEBI:9667']",MONDO:0005324,1,['CHEBI:52010'],,missing_drug
"['CHEBI:52010', 'CHEBI:9667']",MONDO:0005492,1,['CHEBI:52010'],,missing_drug
"['CHEBI:52010', 'CHEBI:9667']",MONDO:0006004,1,['CHEBI:52010'],,missing_drug
"['CHEBI:52010', 'CHEBI:9667']",MONDO:0006525,1,['CHEBI:52010'],,missing_drug
"['CHEBI:52010', 'CHEBI:9667']",MONDO:0010481,1,['CHEBI:52010'],,missing_drug
"['CHEBI:52010', 'CHEBI:9667']",MONDO:0019167,1,['CHEBI:52010'],,missing_drug
"['CHEBI:52010', 'CHEBI:9667']",MONDO:0025598,1,['CHEBI:52010'],,missing_drug
"['CHEBI:52010', 'CHEBI:9667']",MONDO:0100470,1,['CHEBI:52010'],,missing_drug
"['CHEBI:52010', 'CHEBI:9667']",MONDO:0700226,1,['CHEBI:52010'],,missing_drug
"['CHEBI:52010', 'CHEBI:9667']",UMLS:C0274435,1,['CHEBI:52010'],,missing_drug
"['CHEBI:52010', 'PUBCHEM.COMPOUND:4786']",MONDO:0005709,1,['CHEBI:52010'],,missing_drug
"['CHEBI:52010', 'PUBCHEM.COMPOUND:4786']",MONDO:0005812,1,['CHEBI:52010'],,missing_drug
"['CHEBI:52010', 'UNII:S3V868548T']",MONDO:0005709,1,"['CHEBI:52010', 'UNII:S3V868548T']",,missing_drug
"['CHEBI:5280', 'CHEBI:8378']",UMLS:C0851772,1,[],UMLS:C0851772,missing_disease
"['CHEBI:53579', 'CHEBI:84116']",HP:0012735,1,['CHEBI:84116'],,missing_drug
"['CHEBI:53579', 'CHEBI:84116']",HP:0025095,1,['CHEBI:84116'],,missing_drug
"['CHEBI:53579', 'CHEBI:84116']",HP:0031246,1,['CHEBI:84116'],,missing_drug
"['CHEBI:53579', 'CHEBI:84116']",MONDO:0005709,1,['CHEBI:84116'],,missing_drug
"['CHEBI:53579', 'CHEBI:84116']",NCIT:C78302,1,['CHEBI:84116'],,missing_drug
"['CHEBI:53691', 'CHEBI:59732']",UMLS:C0436510,0,[],UMLS:C0436510,missing_disease
"['CHEBI:53691', 'CHEBI:59732']",UMLS:C2047834,0,[],UMLS:C2047834,missing_disease
"['CHEBI:53691', 'CHEBI:59732']",UMLS:C2186977,0,[],UMLS:C2186977,missing_disease
"['CHEBI:5441', 'CHEBI:6801']",UMLS:C3544324,1,[],UMLS:C3544324,missing_disease
"['CHEBI:5551', 'CHEBI:77032']",HP:0012735,1,['CHEBI:77032'],,missing_drug
"['CHEBI:5551', 'CHEBI:77032']",HP:0031245,1,['CHEBI:77032'],,missing_drug
"['CHEBI:5551', 'PUBCHEM.COMPOUND:4786']",UMLS:C1802373,0,[],UMLS:C1802373,missing_disease
"['CHEBI:5778', 'CHEBI:5959']",UniProtKB:O75175,1,[],UniProtKB:O75175,missing_disease
"['CHEBI:5778', 'CHEBI:601027']",MONDO:0005468,1,['CHEBI:601027'],,missing_drug
"['CHEBI:5778', 'CHEBI:601027']",UniProtKB:O75175,1,['CHEBI:601027'],UniProtKB:O75175,missing_drug+missing_disease
"['CHEBI:5778', 'CHEBI:78539']",UMLS:C1802373,0,[],UMLS:C1802373,missing_disease
"['CHEBI:5778', 'CHEBI:78539']",UMLS:C4708664,0,[],UMLS:C4708664,missing_disease
"['CHEBI:5778', 'CHEBI:9927']",UniProtKB:O75175,1,[],UniProtKB:O75175,missing_disease
"['CHEBI:5855', 'CHEBI:8093']",UMLS:C0848633,1,[],UMLS:C0848633,missing_disease
"['CHEBI:5855', 'CHEBI:8093']",UMLS:C0852402,1,[],UMLS:C0852402,missing_disease
"['CHEBI:5931', 'CHEBI:5931']",UMLS:C1802373,1,[],UMLS:C1802373,missing_disease
"['CHEBI:5959', 'CHEBI:601027']",UMLS:C1802373,0,['CHEBI:601027'],UMLS:C1802373,missing_drug+missing_disease
"['CHEBI:5971', 'UNII:2S9ZZM9Q9V']",UMLS:C4721579,1,[],UMLS:C4721579,missing_disease
"['CHEBI:59909', 'CHEBI:59912', 'CHEBI:59919']",MONDO:0005110,1,"['CHEBI:59909', 'CHEBI:59919']",,missing_drug
"['CHEBI:59909', 'CHEBI:59912', 'CHEBI:59919']",UMLS:C0851428,1,"['CHEBI:59909', 'CHEBI:59919']",UMLS:C0851428,missing_drug+missing_disease
"['CHEBI:59912', 'CHEBI:59919']",MONDO:0005110,1,['CHEBI:59919'],,missing_drug
"['CHEBI:601027', 'CHEBI:64019']",UMLS:C1802373,0,['CHEBI:601027'],UMLS:C1802373,missing_drug+missing_disease
"['CHEBI:601027', 'CHEBI:68845']",UMLS:C1802373,0,['CHEBI:601027'],UMLS:C1802373,missing_drug+missing_disease
"['CHEBI:601027', 'CHEBI:6960']",UMLS:C1802373,0,['CHEBI:601027'],UMLS:C1802373,missing_drug+missing_disease
"['CHEBI:601027', 'CHEBI:78539']",MONDO:0001106,0,['CHEBI:601027'],,missing_drug
"['CHEBI:601027', 'CHEBI:78539']",UMLS:C1802373,0,['CHEBI:601027'],UMLS:C1802373,missing_drug+missing_disease
"['CHEBI:601027', 'CHEBI:8024']",UMLS:C1802373,0,['CHEBI:601027'],UMLS:C1802373,missing_drug+missing_disease
"['CHEBI:601027', 'CHEBI:8774']",UMLS:C1802373,0,['CHEBI:601027'],UMLS:C1802373,missing_drug+missing_disease
"['CHEBI:601027', 'CHEBI:9434']",UMLS:C1802373,0,['CHEBI:601027'],UMLS:C1802373,missing_drug+missing_disease
"['CHEBI:601027', 'CHEBI:9649']",UMLS:C1802373,0,['CHEBI:601027'],UMLS:C1802373,missing_drug+missing_disease
"['CHEBI:601027', 'CHEBI:9927']",MONDO:0001106,0,['CHEBI:601027'],,missing_drug
"['CHEBI:601027', 'CHEBI:9927']",MONDO:0005044,1,['CHEBI:601027'],,missing_drug
"['CHEBI:601027', 'CHEBI:9927']",UMLS:C1802373,0,['CHEBI:601027'],UMLS:C1802373,missing_drug+missing_disease
"['CHEBI:601027', 'UMLS:C0065374']",UMLS:C1802373,0,"['CHEBI:601027', 'UMLS:C0065374']",UMLS:C1802373,missing_drug+missing_disease
"['CHEBI:601027', 'UNII:R43D2573WO']",UMLS:C1802373,0,"['CHEBI:601027', 'UNII:R43D2573WO']",UMLS:C1802373,missing_drug+missing_disease
"['CHEBI:6129', 'CHEBI:63611']",UMLS:C0015404,1,['CHEBI:63611'],,missing_drug
"['CHEBI:6129', 'CHEBI:63611']",UMLS:C0392618,1,['CHEBI:63611'],,missing_drug
"['CHEBI:6129', 'CHEBI:8093']",UMLS:C1626415,1,[],UMLS:C1626415,missing_disease
"['CHEBI:63334', 'UMLS:C0009315']",MONDO:0001031,0,['UMLS:C0009315'],,missing_drug
"['CHEBI:63334', 'UMLS:C0009315']",MONDO:0001642,0,['UMLS:C0009315'],,missing_drug
"['CHEBI:63334', 'UMLS:C0009315']",MONDO:0003799,0,['UMLS:C0009315'],,missing_drug
"['CHEBI:63334', 'UMLS:C0009315']",MONDO:0004577,0,['UMLS:C0009315'],,missing_drug
"['CHEBI:63334', 'UMLS:C0009315']",MONDO:0004609,0,['UMLS:C0009315'],,missing_drug
"['CHEBI:63334', 'UMLS:C0009315']",MONDO:0004785,0,['UMLS:C0009315'],,missing_drug
"['CHEBI:63334', 'UMLS:C0009315']",MONDO:0006668,0,['UMLS:C0009315'],,missing_drug
"['CHEBI:63334', 'UMLS:C0009315']",MONDO:0006875,0,['UMLS:C0009315'],,missing_drug
"['CHEBI:63334', 'UMLS:C0009315']",MONDO:0006876,0,['UMLS:C0009315'],,missing_drug
"['CHEBI:63334', 'UMLS:C0009315']",MONDO:0015288,0,['UMLS:C0009315'],,missing_drug
"['CHEBI:63334', 'UMLS:C0009315']",MONDO:0020950,0,['UMLS:C0009315'],,missing_drug
"['CHEBI:63334', 'UMLS:C0009315']",UMLS:C0010032,0,['UMLS:C0009315'],,missing_drug
"['CHEBI:63334', 'UMLS:C0009315']",UMLS:C0151571,0,['UMLS:C0009315'],,missing_drug
"['CHEBI:63577', 'CHEBI:63717']",UniProtKB:A0A8D1B937,1,[],UniProtKB:A0A8D1B937,missing_disease
"['CHEBI:63577', 'CHEBI:63717', 'UNII:913P6LK81M']",UMLS:C0542009,1,[],UMLS:C0542009,missing_disease
"['CHEBI:63577', 'CHEBI:63717', 'UNII:913P6LK81M']",UniProtKB:A0A8D1B937,1,[],UniProtKB:A0A8D1B937,missing_disease
"['CHEBI:63577', 'CHEBI:76010']",UMLS:C0877599,1,['CHEBI:76010'],UMLS:C0877599,missing_drug+missing_disease
"['CHEBI:63580', 'CHEBI:68595', 'UNII:G8RGG88B68']",UMLS:C4049392,1,[],UMLS:C4049392,missing_disease
"['CHEBI:63580', 'CHEBI:68621', 'UNII:G8RGG88B68']",UMLS:C4049392,1,[],UMLS:C4049392,missing_disease
"['CHEBI:63580', 'CHEBI:82977', 'CHEBI:85083']",UMLS:C4049392,1,[],UMLS:C4049392,missing_disease
"['CHEBI:63580', 'CHEBI:82977', 'CHEBI:85083']",UMLS:C4049435,1,[],UMLS:C4049435,missing_disease
"['CHEBI:63580', 'CHEBI:85083']",UMLS:C4049395,1,[],UMLS:C4049395,missing_disease
"['CHEBI:63580', 'CHEBI:85083']",UMLS:C4049435,1,[],UMLS:C4049435,missing_disease
"['CHEBI:63580', 'CHEBI:85083', 'CHEBI:85089']",UMLS:C3887014,1,[],UMLS:C3887014,missing_disease
"['CHEBI:63580', 'CHEBI:85083', 'UNII:Q46947FE7K']",UMLS:C4049392,1,[],UMLS:C4049392,missing_disease
"['CHEBI:63580', 'CHEBI:85083', 'UNII:Q46947FE7K']",UMLS:C4049431,1,[],UMLS:C4049431,missing_disease
"['CHEBI:63580', 'UNII:G8RGG88B68']",UNII:NBNLIKBZ5N,1,[],UNII:NBNLIKBZ5N,missing_disease
"['CHEBI:63631', 'CHEBI:8080']",EFO:0004340,1,[],EFO:0004340,missing_disease
"['CHEBI:63681', 'CHEBI:63918']",MONDO:0005920,1,['CHEBI:63681'],,missing_drug
"['CHEBI:63925', 'CHEBI:9599']",NCIT:C50611,1,['CHEBI:63925'],,missing_drug
"['CHEBI:63925', 'UNII:VL756B1K0U']",MONDO:0006875,1,['CHEBI:63925'],,missing_drug
"['CHEBI:64021', 'CHEBI:9927']",MONDO:0005044,1,['CHEBI:64021'],,missing_drug
"['CHEBI:6456', 'CHEBI:6888']",UMLS:C3854487,1,[],UMLS:C3854487,missing_disease
"['CHEBI:6456', 'CHEBI:8093', 'CHEBI:9757']",UMLS:C0375731,1,[],UMLS:C0375731,missing_disease
"['CHEBI:6456', 'CHEBI:9328']",MONDO:0004605,1,['CHEBI:9328'],,missing_drug
"['CHEBI:6456', 'CHEBI:9328']",UMLS:C0006434,1,['CHEBI:9328'],,missing_drug
"['CHEBI:6456', 'CHEBI:9328']",UMLS:C0851439,1,['CHEBI:9328'],UMLS:C0851439,missing_drug+missing_disease
"['CHEBI:64733', 'CHEBI:81862']",RXCUI:375804,1,[],RXCUI:375804,missing_disease
"['CHEBI:64733', 'CHEBI:81862']",UMLS:C1142367,1,[],UMLS:C1142367,missing_disease
"['CHEBI:6504', 'CHEBI:70735']",MONDO:0024613,1,['CHEBI:70735'],,missing_drug
"['CHEBI:6504', 'CHEBI:8871']",UMLS:C2937260,1,[],UMLS:C2937260,missing_disease
"['CHEBI:6637', 'UNII:JDN69ZV6XV']",MONDO:0018570,0,['UNII:JDN69ZV6XV'],,missing_drug
"['CHEBI:66901', 'UNII:8RW88Y506K']",UniProtKB:A0A8D0UYS7,1,[],UniProtKB:A0A8D0UYS7,missing_disease
"['CHEBI:66910', 'UNII:DPT0O3T46P']",UMLS:C5395609,1,[],UMLS:C5395609,missing_disease
"['CHEBI:66910', 'UNII:KXG2PJ551I']",UMLS:C5395609,1,[],UMLS:C5395609,missing_disease
"['CHEBI:6715', 'CHEBI:8389']",UMLS:C5442256,1,[],UMLS:C5442256,missing_disease
"['CHEBI:6717', 'CHEBI:7789']",UMLS:C0278138,1,[],UMLS:C0278138,missing_disease
"['CHEBI:6801', 'CHEBI:71272']",MONDO:0005148,1,['CHEBI:71272'],,missing_drug
"['CHEBI:6801', 'CHEBI:71272', 'CHEBI:85078']",NCIT:C50611,1,['CHEBI:71272'],,missing_drug
"['CHEBI:6801', 'CHEBI:73274']",MONDO:0005148,1,['CHEBI:73274'],,missing_drug
"['CHEBI:6801', 'CHEBI:82720']",UMLS:C0851439,0,[],UMLS:C0851439,missing_disease
"['CHEBI:6801', 'CHEBI:82720']",UMLS:C3714660,0,[],UMLS:C3714660,missing_disease
"['CHEBI:6801', 'CHEBI:85078']",UMLS:C2585811,0,[],UMLS:C2585811,missing_disease
"['CHEBI:6801', 'CHEBI:85078']",UMLS:C4324389,1,[],UMLS:C4324389,missing_disease
"['CHEBI:68602', 'CHEBI:76010']",UMLS:C0877599,1,['CHEBI:76010'],UMLS:C0877599,missing_drug+missing_disease
"['CHEBI:68642', 'CHEBI:6888']",MONDO:0008315,1,['CHEBI:68642'],,missing_drug
"['CHEBI:68642', 'CHEBI:83766', 'CHEBI:8378']",MONDO:0008315,1,['CHEBI:68642'],,missing_drug
"['CHEBI:68642', 'CHEBI:83766', 'CHEBI:8382']",MONDO:0008315,1,['CHEBI:68642'],,missing_drug
"['CHEBI:68642', 'CHEBI:8378', 'CHEBI:8382']",UMLS:C0242656,1,['CHEBI:68642'],,missing_drug
"['CHEBI:68642', 'CHEBI:8382']",MONDO:0007915,1,['CHEBI:68642'],,missing_drug
"['CHEBI:68642', 'CHEBI:8382']",MONDO:0008315,1,['CHEBI:68642'],,missing_drug
"['CHEBI:68642', 'CHEBI:8382']",UMLS:C0242656,1,['CHEBI:68642'],,missing_drug
"['CHEBI:6970', 'UNII:D27V6190PM']",MONDO:0002040,0,['UNII:D27V6190PM'],,missing_drug
"['CHEBI:6970', 'UNII:D27V6190PM']",MONDO:0005113,0,['UNII:D27V6190PM'],,missing_drug
"['CHEBI:6970', 'UNII:D27V6190PM']",MONDO:0018076,0,['UNII:D27V6190PM'],,missing_drug
"['CHEBI:71272', 'CHEBI:85078']",CHEBI:85078,1,['CHEBI:71272'],,missing_drug
"['CHEBI:71272', 'CHEBI:85078']",MONDO:0005148,1,['CHEBI:71272'],,missing_drug
"['CHEBI:71272', 'CHEBI:85078']",MONDO:0017123,0,['CHEBI:71272'],,missing_drug
"['CHEBI:71272', 'CHEBI:85078']",MONDO:0024327,0,['CHEBI:71272'],,missing_drug
"['CHEBI:71272', 'CHEBI:85078']",RXCUI:1925495,1,['CHEBI:71272'],RXCUI:1925495,missing_drug+missing_disease
"['CHEBI:71272', 'CHEBI:85078']",UMLS:C2585811,0,['CHEBI:71272'],UMLS:C2585811,missing_drug+missing_disease
"['CHEBI:7470', 'CHEBI:84115']",NCIT:C50572,1,[],NCIT:C50572,missing_disease
"['CHEBI:7470', 'UNII:877376V2XW']",UMLS:C1699100,1,[],UMLS:C1699100,missing_disease
"['CHEBI:74729', 'CHEBI:77181', 'CHEBI:88176']",MONDO:0021562,1,['CHEBI:77181'],,missing_drug
"['CHEBI:75045', 'CHEBI:75998']",MONDO:0005012,1,['CHEBI:75998'],,missing_drug
"['CHEBI:75045', 'CHEBI:75998']",MONDO:0005233,1,['CHEBI:75998'],,missing_drug
"['CHEBI:75045', 'CHEBI:75998']",MONDO:0007915,1,['CHEBI:75998'],,missing_drug
"['CHEBI:75045', 'CHEBI:75998']",NCIT:C35529,1,['CHEBI:75998'],,missing_drug
"['CHEBI:75045', 'CHEBI:75998']",UMLS:C0278987,1,['CHEBI:75998'],,missing_drug
"['CHEBI:75045', 'CHEBI:75998']",UMLS:C5395609,1,['CHEBI:75998'],UMLS:C5395609,missing_drug+missing_disease
"['CHEBI:75045', 'CHEBI:75998']",UniProtKB:A0A8D0SEZ5,1,['CHEBI:75998'],UniProtKB:A0A8D0SEZ5,missing_drug+missing_disease
"['CHEBI:7507', 'CHEBI:8310', 'PUBCHEM.COMPOUND:45267103']",UMLS:C0851772,1,[],UMLS:C0851772,missing_disease
"['CHEBI:7507', 'CHEBI:8378']",UMLS:C4551678,1,[],UMLS:C4551678,missing_disease
"['CHEBI:7507', 'DRUGBANK:DB11158', 'UNII:24H4NWX5CO']",UMLS:C0849784,1,[],UMLS:C0849784,missing_disease
"['CHEBI:75179', 'CHEBI:90877']",UMLS:C0338204,1,[],UMLS:C0338204,missing_disease
"['CHEBI:75179', 'CHEBI:90877']",UMLS:C0796392,1,[],UMLS:C0796392,missing_disease
"['CHEBI:75179', 'CHEBI:90877', 'UNII:2S9ZZM9Q9V']",UMLS:C0796392,1,[],UMLS:C0796392,missing_disease
"['CHEBI:7627', 'UMLS:C0085272']",MONDO:0002691,0,['UMLS:C0085272'],,missing_drug
"['CHEBI:7627', 'UMLS:C0085272']",MONDO:0005154,0,['UMLS:C0085272'],,missing_drug
"['CHEBI:7627', 'UMLS:C0085272']",MONDO:0005628,0,['UMLS:C0085272'],,missing_drug
"['CHEBI:7627', 'UMLS:C0085272']",UniProtKB:A0A4X1SKS6,0,['UMLS:C0085272'],UniProtKB:A0A4X1SKS6,missing_drug+missing_disease
"['CHEBI:76612', 'UNII:4F4X42SYQ6']",UMLS:C5395609,1,[],UMLS:C5395609,missing_disease
"['CHEBI:76612', 'UNII:O43472U9X8']",UMLS:C5395609,1,[],UMLS:C5395609,missing_disease
"['CHEBI:77032', 'CHEBI:85537']",HP:0012735,1,['CHEBI:77032'],,missing_drug
"['CHEBI:77032', 'CHEBI:85537']",MONDO:0003781,1,['CHEBI:77032'],,missing_drug
"['CHEBI:77032', 'CHEBI:85537']",MONDO:0005249,1,['CHEBI:77032'],,missing_drug
"['CHEBI:77032', 'CHEBI:85537']",UMLS:C3544166,1,['CHEBI:77032'],,missing_drug
"['CHEBI:77181', 'CHEBI:8452', 'CHEBI:88176']",MONDO:0021562,1,['CHEBI:77181'],,missing_drug
"['CHEBI:8093', 'CHEBI:8378']",UMLS:C4551678,1,[],UMLS:C4551678,missing_disease
"['CHEBI:8093', 'CHEBI:8461']",UMLS:C0749874,1,[],UMLS:C0749874,missing_disease
"['CHEBI:8093', 'DRUGBANK:DB11578']",MONDO:0004872,1,['DRUGBANK:DB11578'],,missing_drug
"['CHEBI:81916', 'DRUGBANK:DB10448']",UMLS:C0267167,1,['DRUGBANK:DB10448'],,missing_drug
"['CHEBI:81916', 'DRUGBANK:DB14016']",HP:0033589,1,['DRUGBANK:DB14016'],,missing_drug
"['CHEBI:81916', 'DRUGBANK:DB14016']",MONDO:0001684,1,['DRUGBANK:DB14016'],,missing_drug
"['CHEBI:81916', 'DRUGBANK:DB14016']",NCIT:C78213,1,['DRUGBANK:DB14016'],NCIT:C78213,missing_drug+missing_disease
"['CHEBI:8232', 'CHEBI:9421']",UMLS:C4727977,1,[],UMLS:C4727977,missing_disease
"['CHEBI:8232', 'CHEBI:9421']",UMLS:C5577613,1,[],UMLS:C5577613,missing_disease
"['CHEBI:82405', 'UNII:3U02EL437C']",MONDO:0000705,0,['UNII:3U02EL437C'],,missing_drug
"['CHEBI:82405', 'UNII:3U02EL437C']",MONDO:0005011,0,['UNII:3U02EL437C'],,missing_drug
"['CHEBI:82405', 'UNII:3U02EL437C']",MONDO:0005101,0,['UNII:3U02EL437C'],,missing_drug
"['CHEBI:82977', 'CHEBI:85083']",UMLS:C4049392,1,[],UMLS:C4049392,missing_disease
"['CHEBI:82977', 'CHEBI:85083']",UMLS:C4049395,1,[],UMLS:C4049395,missing_disease
"['CHEBI:82977', 'CHEBI:85083']",UMLS:C4049435,1,[],UMLS:C4049435,missing_disease
"['CHEBI:8382', 'PUBCHEM.COMPOUND:91820602', 'UNII:4F4X42SYQ6']",UMLS:C0855068,1,[],UMLS:C0855068,missing_disease
"['CHEBI:85083', 'CHEBI:85089']",UMLS:C4049392,1,[],UMLS:C4049392,missing_disease
"['CHEBI:85083', 'CHEBI:85089']",UMLS:C4049418,1,[],UMLS:C4049418,missing_disease
"['CHEBI:85083', 'CHEBI:85089']",UMLS:C4049420,1,[],UMLS:C4049420,missing_disease
"['CHEBI:85083', 'CHEBI:85089']",UMLS:C4049431,1,[],UMLS:C4049431,missing_disease
"['CHEBI:85155', 'CHEBI:85157']",UMLS:C1112312,1,[],UMLS:C1112312,missing_disease
"['CHEBI:86541', 'CHEBI:88839']",UMLS:C0856716,0,[],UMLS:C0856716,missing_disease
"['CHEBI:8673', 'CHEBI:9328']",MONDO:0005109,1,['CHEBI:9328'],,missing_drug
"['CHEBI:8673', 'CHEBI:9329']",UniProtKB:A0A8D0SEZ5,1,[],UniProtKB:A0A8D0SEZ5,missing_disease
"['CHEBI:9434', 'CHEBI:9434']",UMLS:C1802373,0,[],UMLS:C1802373,missing_disease
"['CHEBI:94362', 'UNII:19FUJ2C58T', 'UNII:7Y4N11PXO8']",UMLS:C0340732,1,[],UMLS:C0340732,missing_disease
"['CHEBI:9599', 'DRUGBANK:DB15836']",MONDO:0012511,0,['DRUGBANK:DB15836'],,missing_drug
"['CHEBI:9599', 'DRUGBANK:DB15836']",UMLS:C0332798,0,['DRUGBANK:DB15836'],,missing_drug
"['CHEBI:9765', 'UMLS:C0006217']",HP:0001410,0,['UMLS:C0006217'],,missing_drug
"['CHEBI:9765', 'UMLS:C0006217']",MONDO:0001531,0,['UMLS:C0006217'],,missing_drug
"['CHEBI:9765', 'UMLS:C0006217']",MONDO:0017123,0,['UMLS:C0006217'],,missing_drug
"['CHEBI:9765', 'UNII:BVS505O332']",UMLS:C0178808,0,[],UMLS:C0178808,missing_disease
"['DRUGBANK:DB09422', 'DRUGBANK:DB13959']",UMLS:C0342919,1,[],UMLS:C0342919,missing_disease
"['DRUGBANK:DB09876', 'DRUGBANK:DB09877', 'DRUGBANK:DB10342', 'DRUGBANK:DB10795', 'DRUGBANK:DB10796', 'DRUGBANK:DB10797', 'DRUGBANK:DB11627', 'UNII:63GD90PP8X', 'UNII:63GD90PP8X', 'UNII:63GD90PP8X', 'UNII:63GD90PP8X']",MONDO:0005077,1,"['DRUGBANK:DB10342', 'DRUGBANK:DB10795', 'DRUGBANK:DB10796', 'DRUGBANK:DB10797']",,missing_drug
"['DRUGBANK:DB09876', 'DRUGBANK:DB09877', 'DRUGBANK:DB10342', 'DRUGBANK:DB10795', 'DRUGBANK:DB10796', 'DRUGBANK:DB10797', 'DRUGBANK:DB11627', 'UNII:63GD90PP8X', 'UNII:63GD90PP8X', 'UNII:63GD90PP8X', 'UNII:63GD90PP8X']",MONDO:0005504,1,"['DRUGBANK:DB10342', 'DRUGBANK:DB10795', 'DRUGBANK:DB10796', 'DRUGBANK:DB10797']",,missing_drug
"['DRUGBANK:DB09876', 'DRUGBANK:DB09877', 'DRUGBANK:DB10342', 'DRUGBANK:DB10795', 'DRUGBANK:DB10796', 'DRUGBANK:DB10797', 'DRUGBANK:DB11627', 'UNII:63GD90PP8X', 'UNII:63GD90PP8X', 'UNII:63GD90PP8X', 'UNII:63GD90PP8X']",MONDO:0005526,1,"['DRUGBANK:DB10342', 'DRUGBANK:DB10795', 'DRUGBANK:DB10796', 'DRUGBANK:DB10797']",,missing_drug
"['DRUGBANK:DB09876', 'DRUGBANK:DB09877', 'DRUGBANK:DB10342', 'DRUGBANK:DB10795', 'DRUGBANK:DB10796', 'DRUGBANK:DB10797', 'DRUGBANK:DB11627', 'UNII:63GD90PP8X', 'UNII:63GD90PP8X', 'UNII:63GD90PP8X', 'UNII:63GD90PP8X']",MONDO:0017373,1,"['DRUGBANK:DB10342', 'DRUGBANK:DB10795', 'DRUGBANK:DB10796', 'DRUGBANK:DB10797']",,missing_drug
"['DRUGBANK:DB09876', 'DRUGBANK:DB09877', 'DRUGBANK:DB10342', 'DRUGBANK:DB10795', 'DRUGBANK:DB10796', 'DRUGBANK:DB10797', 'DRUGBANK:DB11627', 'UNII:63GD90PP8X', 'UNII:63GD90PP8X', 'UNII:63GD90PP8X', 'UNII:63GD90PP8X']",UNII:C9R35M8XV6,1,"['DRUGBANK:DB10342', 'DRUGBANK:DB10795', 'DRUGBANK:DB10796', 'DRUGBANK:DB10797']",UNII:C9R35M8XV6,missing_drug+missing_disease
"['DRUGBANK:DB09876', 'DRUGBANK:DB09877', 'DRUGBANK:DB10795', 'DRUGBANK:DB10796', 'DRUGBANK:DB10797', 'DRUGBANK:DB11627', 'DRUGBANK:DB15876', 'UNII:63GD90PP8X', 'UNII:63GD90PP8X', 'UNII:63GD90PP8X']",MONDO:0005077,1,"['DRUGBANK:DB10795', 'DRUGBANK:DB10796', 'DRUGBANK:DB10797', 'DRUGBANK:DB15876']",,missing_drug
"['DRUGBANK:DB09876', 'DRUGBANK:DB09877', 'DRUGBANK:DB10795', 'DRUGBANK:DB10796', 'DRUGBANK:DB10797', 'DRUGBANK:DB11627', 'DRUGBANK:DB15876', 'UNII:63GD90PP8X', 'UNII:63GD90PP8X', 'UNII:63GD90PP8X']",MONDO:0005344,1,"['DRUGBANK:DB10795', 'DRUGBANK:DB10796', 'DRUGBANK:DB10797', 'DRUGBANK:DB15876']",,missing_drug
"['DRUGBANK:DB09876', 'DRUGBANK:DB09877', 'DRUGBANK:DB10795', 'DRUGBANK:DB10796', 'DRUGBANK:DB10797', 'DRUGBANK:DB11627', 'DRUGBANK:DB15876', 'UNII:63GD90PP8X', 'UNII:63GD90PP8X', 'UNII:63GD90PP8X']",MONDO:0005504,1,"['DRUGBANK:DB10795', 'DRUGBANK:DB10796', 'DRUGBANK:DB10797', 'DRUGBANK:DB15876']",,missing_drug
"['DRUGBANK:DB09876', 'DRUGBANK:DB09877', 'DRUGBANK:DB10795', 'DRUGBANK:DB10796', 'DRUGBANK:DB10797', 'DRUGBANK:DB11627', 'DRUGBANK:DB15876', 'UNII:63GD90PP8X', 'UNII:63GD90PP8X', 'UNII:63GD90PP8X']",MONDO:0005526,1,"['DRUGBANK:DB10795', 'DRUGBANK:DB10796', 'DRUGBANK:DB10797', 'DRUGBANK:DB15876']",,missing_drug
"['DRUGBANK:DB09876', 'DRUGBANK:DB09877', 'DRUGBANK:DB10795', 'DRUGBANK:DB10796', 'DRUGBANK:DB10797', 'DRUGBANK:DB11627', 'DRUGBANK:DB15876', 'UNII:63GD90PP8X', 'UNII:63GD90PP8X', 'UNII:63GD90PP8X']",MONDO:0017373,1,"['DRUGBANK:DB10795', 'DRUGBANK:DB10796', 'DRUGBANK:DB10797', 'DRUGBANK:DB15876']",,missing_drug
"['DRUGBANK:DB09876', 'DRUGBANK:DB09877', 'DRUGBANK:DB10795', 'DRUGBANK:DB10796', 'DRUGBANK:DB10797', 'DRUGBANK:DB11627', 'DRUGBANK:DB15876', 'UNII:63GD90PP8X', 'UNII:63GD90PP8X', 'UNII:63GD90PP8X']",UNII:C9R35M8XV6,1,"['DRUGBANK:DB10795', 'DRUGBANK:DB10796', 'DRUGBANK:DB10797', 'DRUGBANK:DB15876']",UNII:C9R35M8XV6,missing_drug+missing_disease
"['DRUGBANK:DB09876', 'DRUGBANK:DB09877', 'DRUGBANK:DB10795', 'DRUGBANK:DB10796', 'DRUGBANK:DB10797', 'DRUGBANK:DB11627', 'UNII:63GD90PP8X', 'UNII:63GD90PP8X', 'UNII:63GD90PP8X']",MONDO:0005504,1,"['DRUGBANK:DB10795', 'DRUGBANK:DB10796', 'DRUGBANK:DB10797']",,missing_drug
"['DRUGBANK:DB09876', 'DRUGBANK:DB09877', 'DRUGBANK:DB10795', 'DRUGBANK:DB10796', 'DRUGBANK:DB10797', 'DRUGBANK:DB11627', 'UNII:63GD90PP8X', 'UNII:63GD90PP8X', 'UNII:63GD90PP8X']",MONDO:0005526,1,"['DRUGBANK:DB10795', 'DRUGBANK:DB10796', 'DRUGBANK:DB10797']",,missing_drug
"['DRUGBANK:DB09876', 'DRUGBANK:DB09877', 'DRUGBANK:DB10795', 'DRUGBANK:DB10796', 'DRUGBANK:DB10797', 'DRUGBANK:DB11627', 'UNII:63GD90PP8X', 'UNII:63GD90PP8X', 'UNII:63GD90PP8X']",MONDO:0017373,1,"['DRUGBANK:DB10795', 'DRUGBANK:DB10796', 'DRUGBANK:DB10797']",,missing_drug
"['DRUGBANK:DB09876', 'DRUGBANK:DB09877', 'DRUGBANK:DB10795', 'DRUGBANK:DB10796', 'DRUGBANK:DB10797', 'UNII:63GD90PP8X', 'UNII:63GD90PP8X', 'UNII:63GD90PP8X']",MONDO:0005077,1,"['DRUGBANK:DB10795', 'DRUGBANK:DB10796', 'DRUGBANK:DB10797']",,missing_drug
"['DRUGBANK:DB09876', 'DRUGBANK:DB09877', 'DRUGBANK:DB10795', 'DRUGBANK:DB10796', 'DRUGBANK:DB10797', 'UNII:63GD90PP8X', 'UNII:63GD90PP8X', 'UNII:63GD90PP8X']",MONDO:0005504,1,"['DRUGBANK:DB10795', 'DRUGBANK:DB10796', 'DRUGBANK:DB10797']",,missing_drug
"['DRUGBANK:DB09876', 'DRUGBANK:DB09877', 'DRUGBANK:DB10795', 'DRUGBANK:DB10796', 'DRUGBANK:DB10797', 'UNII:63GD90PP8X', 'UNII:63GD90PP8X', 'UNII:63GD90PP8X']",MONDO:0005526,1,"['DRUGBANK:DB10795', 'DRUGBANK:DB10796', 'DRUGBANK:DB10797']",,missing_drug
"['DRUGBANK:DB09876', 'DRUGBANK:DB09877', 'DRUGBANK:DB10795', 'DRUGBANK:DB10796', 'DRUGBANK:DB10797', 'UNII:63GD90PP8X', 'UNII:63GD90PP8X', 'UNII:63GD90PP8X']",MONDO:0017373,1,"['DRUGBANK:DB10795', 'DRUGBANK:DB10796', 'DRUGBANK:DB10797']",,missing_drug
"['DRUGBANK:DB09876', 'DRUGBANK:DB09877', 'DRUGBANK:DB10795', 'DRUGBANK:DB10796', 'DRUGBANK:DB10797', 'UNII:63GD90PP8X', 'UNII:63GD90PP8X', 'UNII:63GD90PP8X', 'UNII:63GD90PP8X']",MONDO:0005077,1,"['DRUGBANK:DB10795', 'DRUGBANK:DB10796', 'DRUGBANK:DB10797']",,missing_drug
"['DRUGBANK:DB09876', 'DRUGBANK:DB09877', 'DRUGBANK:DB10795', 'DRUGBANK:DB10796', 'DRUGBANK:DB10797', 'UNII:63GD90PP8X', 'UNII:63GD90PP8X', 'UNII:63GD90PP8X', 'UNII:63GD90PP8X']",MONDO:0005504,1,"['DRUGBANK:DB10795', 'DRUGBANK:DB10796', 'DRUGBANK:DB10797']",,missing_drug
"['DRUGBANK:DB09876', 'DRUGBANK:DB09877', 'DRUGBANK:DB10795', 'DRUGBANK:DB10796', 'DRUGBANK:DB10797', 'UNII:63GD90PP8X', 'UNII:63GD90PP8X', 'UNII:63GD90PP8X', 'UNII:63GD90PP8X']",MONDO:0005526,1,"['DRUGBANK:DB10795', 'DRUGBANK:DB10796', 'DRUGBANK:DB10797']",,missing_drug
"['DRUGBANK:DB09876', 'DRUGBANK:DB09877', 'DRUGBANK:DB10795', 'DRUGBANK:DB10796', 'DRUGBANK:DB10797', 'UNII:63GD90PP8X', 'UNII:63GD90PP8X', 'UNII:63GD90PP8X', 'UNII:63GD90PP8X']",MONDO:0017373,1,"['DRUGBANK:DB10795', 'DRUGBANK:DB10796', 'DRUGBANK:DB10797']",,missing_drug
"['DRUGBANK:DB10293', 'DRUGBANK:DB10297']",MONDO:0005441,1,"['DRUGBANK:DB10293', 'DRUGBANK:DB10297']",,missing_drug
"['DRUGBANK:DB10293', 'DRUGBANK:DB10297']",MONDO:0005972,1,"['DRUGBANK:DB10293', 'DRUGBANK:DB10297']",,missing_drug
"['DRUGBANK:DB10293', 'DRUGBANK:DB10297']",UMLS:C3495859,1,"['DRUGBANK:DB10293', 'DRUGBANK:DB10297']",UMLS:C3495859,missing_drug+missing_disease
"['DRUGBANK:DB10294', 'DRUGBANK:DB10296', 'DRUGBANK:DB10297', 'DRUGBANK:DB10298', 'DRUGBANK:DB16710', 'DRUGBANK:DB16711', 'DRUGBANK:DB16713', 'DRUGBANK:DB16714', 'DRUGBANK:DB16715', 'DRUGBANK:DB16716', 'DRUGBANK:DB19342', 'DRUGBANK:DB19343', 'DRUGBANK:DB19344', 'DRUGBANK:DB19345', 'DRUGBANK:DB19346', 'DRUGBANK:DB19347', 'DRUGBANK:DB19348', 'DRUGBANK:DB19349', 'DRUGBANK:DB19350', 'DRUGBANK:DB19351', 'DRUGBANK:DB19352', 'UNII:08VC9WC084']",MONDO:0005972,1,"['DRUGBANK:DB10294', 'DRUGBANK:DB10296', 'DRUGBANK:DB10297', 'DRUGBANK:DB10298', 'DRUGBANK:DB16710', 'DRUGBANK:DB16711', 'DRUGBANK:DB16713', 'DRUGBANK:DB16714', 'DRUGBANK:DB16715', 'DRUGBANK:DB16716', 'DRUGBANK:DB19342', 'DRUGBANK:DB19343', 'DRUGBANK:DB19344', 'DRUGBANK:DB19345', 'DRUGBANK:DB19346', 'DRUGBANK:DB19347', 'DRUGBANK:DB19348', 'DRUGBANK:DB19349', 'DRUGBANK:DB19350', 'DRUGBANK:DB19351', 'DRUGBANK:DB19352', 'UNII:08VC9WC084']",,missing_drug
"['DRUGBANK:DB10294', 'DRUGBANK:DB10296', 'DRUGBANK:DB10297', 'DRUGBANK:DB10298', 'DRUGBANK:DB16710', 'DRUGBANK:DB16711', 'DRUGBANK:DB16713', 'DRUGBANK:DB16714', 'DRUGBANK:DB16715', 'DRUGBANK:DB16716', 'DRUGBANK:DB19342', 'DRUGBANK:DB19343', 'DRUGBANK:DB19344', 'DRUGBANK:DB19345', 'DRUGBANK:DB19346', 'DRUGBANK:DB19347', 'DRUGBANK:DB19348', 'DRUGBANK:DB19349', 'DRUGBANK:DB19350', 'DRUGBANK:DB19351', 'DRUGBANK:DB19352', 'UNII:08VC9WC084']",UMLS:C3495859,1,"['DRUGBANK:DB10294', 'DRUGBANK:DB10296', 'DRUGBANK:DB10297', 'DRUGBANK:DB10298', 'DRUGBANK:DB16710', 'DRUGBANK:DB16711', 'DRUGBANK:DB16713', 'DRUGBANK:DB16714', 'DRUGBANK:DB16715', 'DRUGBANK:DB16716', 'DRUGBANK:DB19342', 'DRUGBANK:DB19343', 'DRUGBANK:DB19344', 'DRUGBANK:DB19345', 'DRUGBANK:DB19346', 'DRUGBANK:DB19347', 'DRUGBANK:DB19348', 'DRUGBANK:DB19349', 'DRUGBANK:DB19350', 'DRUGBANK:DB19351', 'DRUGBANK:DB19352', 'UNII:08VC9WC084']",UMLS:C3495859,missing_drug+missing_disease
"['DRUGBANK:DB10315', 'DRUGBANK:DB10316', 'DRUGBANK:DB10317']",MONDO:0000989,1,"['DRUGBANK:DB10315', 'DRUGBANK:DB10316']",,missing_drug
"['DRUGBANK:DB10315', 'DRUGBANK:DB10316', 'DRUGBANK:DB10317']",MONDO:0004656,1,"['DRUGBANK:DB10315', 'DRUGBANK:DB10316']",,missing_drug
"['DRUGBANK:DB10319', 'DRUGBANK:DB10321']",MONDO:0005114,1,"['DRUGBANK:DB10319', 'DRUGBANK:DB10321']",,missing_drug
"['DRUGBANK:DB10319', 'DRUGBANK:DB10323', 'DRUGBANK:DB10324', 'DRUGBANK:DB10325', 'DRUGBANK:DB10328', 'DRUGBANK:DB10332', 'DRUGBANK:DB10336', 'DRUGBANK:DB10337', 'DRUGBANK:DB10340', 'DRUGBANK:DB16609']",MONDO:0005114,1,"['DRUGBANK:DB10319', 'DRUGBANK:DB10323', 'DRUGBANK:DB10324', 'DRUGBANK:DB10325', 'DRUGBANK:DB10328', 'DRUGBANK:DB10332', 'DRUGBANK:DB10336', 'DRUGBANK:DB10337', 'DRUGBANK:DB10340', 'DRUGBANK:DB16609']",,missing_drug
"['DRUGBANK:DB10320', 'DRUGBANK:DB10321']",MONDO:0005114,1,"['DRUGBANK:DB10320', 'DRUGBANK:DB10321']",,missing_drug
"['DRUGBANK:DB10320', 'DRUGBANK:DB10322']",MONDO:0005114,1,"['DRUGBANK:DB10320', 'DRUGBANK:DB10322']",,missing_drug
"['DRUGBANK:DB10320', 'DRUGBANK:DB10323']",MONDO:0005114,1,"['DRUGBANK:DB10320', 'DRUGBANK:DB10323']",,missing_drug
"['DRUGBANK:DB10320', 'DRUGBANK:DB10324']",MONDO:0005114,1,"['DRUGBANK:DB10320', 'DRUGBANK:DB10324']",,missing_drug
"['DRUGBANK:DB10320', 'DRUGBANK:DB10325']",MONDO:0005114,1,"['DRUGBANK:DB10320', 'DRUGBANK:DB10325']",,missing_drug
"['DRUGBANK:DB10320', 'DRUGBANK:DB10326']",MONDO:0005114,1,"['DRUGBANK:DB10320', 'DRUGBANK:DB10326']",,missing_drug
"['DRUGBANK:DB10320', 'DRUGBANK:DB10327']",MONDO:0005114,1,"['DRUGBANK:DB10320', 'DRUGBANK:DB10327']",,missing_drug
"['DRUGBANK:DB10320', 'DRUGBANK:DB10328']",MONDO:0005114,1,"['DRUGBANK:DB10320', 'DRUGBANK:DB10328']",,missing_drug
"['DRUGBANK:DB10320', 'DRUGBANK:DB10329']",MONDO:0005114,1,"['DRUGBANK:DB10320', 'DRUGBANK:DB10329']",,missing_drug
"['DRUGBANK:DB10320', 'DRUGBANK:DB10330']",MONDO:0005114,1,"['DRUGBANK:DB10320', 'DRUGBANK:DB10330']",,missing_drug
"['DRUGBANK:DB10320', 'DRUGBANK:DB10331']",MONDO:0005114,1,"['DRUGBANK:DB10320', 'DRUGBANK:DB10331']",,missing_drug
"['DRUGBANK:DB10320', 'DRUGBANK:DB10332']",MONDO:0005114,1,"['DRUGBANK:DB10320', 'DRUGBANK:DB10332']",,missing_drug
"['DRUGBANK:DB10320', 'DRUGBANK:DB10333']",MONDO:0005114,1,"['DRUGBANK:DB10320', 'DRUGBANK:DB10333']",,missing_drug
"['DRUGBANK:DB10320', 'DRUGBANK:DB10334']",MONDO:0005114,1,"['DRUGBANK:DB10320', 'DRUGBANK:DB10334']",,missing_drug
"['DRUGBANK:DB10320', 'DRUGBANK:DB10335']",MONDO:0005114,1,"['DRUGBANK:DB10320', 'DRUGBANK:DB10335']",,missing_drug
"['DRUGBANK:DB10320', 'DRUGBANK:DB10336']",MONDO:0005114,1,"['DRUGBANK:DB10320', 'DRUGBANK:DB10336']",,missing_drug
"['DRUGBANK:DB10320', 'DRUGBANK:DB10337']",MONDO:0005114,1,"['DRUGBANK:DB10320', 'DRUGBANK:DB10337']",,missing_drug
"['DRUGBANK:DB10320', 'DRUGBANK:DB10338']",MONDO:0005114,1,"['DRUGBANK:DB10320', 'DRUGBANK:DB10338']",,missing_drug
"['DRUGBANK:DB10320', 'DRUGBANK:DB10339']",MONDO:0005114,1,"['DRUGBANK:DB10320', 'DRUGBANK:DB10339']",,missing_drug
"['DRUGBANK:DB10320', 'DRUGBANK:DB10340']",MONDO:0005114,1,"['DRUGBANK:DB10320', 'DRUGBANK:DB10340']",,missing_drug
"['DRUGBANK:DB10320', 'DRUGBANK:DB10341']",MONDO:0005114,1,"['DRUGBANK:DB10320', 'DRUGBANK:DB10341']",,missing_drug
"['DRUGBANK:DB10400', 'DRUGBANK:DB10401']",HP:0410324,1,"['DRUGBANK:DB10400', 'DRUGBANK:DB10401']",,missing_drug
"['DRUGBANK:DB10651', 'DRUGBANK:DB15478', 'DRUGBANK:DB15815']",MONDO:0002203,1,"['DRUGBANK:DB10651', 'DRUGBANK:DB15478', 'DRUGBANK:DB15815']",,missing_drug
"['DRUGBANK:DB10763', 'UNII:J7WWH9M8QS']",UMLS:C5441507,1,['DRUGBANK:DB10763'],UMLS:C5441507,missing_drug+missing_disease
"['DRUGBANK:DB10781', 'DRUGBANK:DB15507', 'DRUGBANK:DB18750']",MONDO:0005812,1,"['DRUGBANK:DB10781', 'DRUGBANK:DB15507', 'DRUGBANK:DB18750']",,missing_drug
"['DRUGBANK:DB10785', 'DRUGBANK:DB10785', 'DRUGBANK:DB10785', 'DRUGBANK:DB10785']",MONDO:0018059,1,"['DRUGBANK:DB10785', 'DRUGBANK:DB10785', 'DRUGBANK:DB10785', 'DRUGBANK:DB10785']",,missing_drug
"['DRUGBANK:DB11065', 'DRUGBANK:DB11066']",MONDO:0001684,1,['DRUGBANK:DB11066'],,missing_drug
"['DRUGBANK:DB11065', 'DRUGBANK:DB11066', 'DRUGBANK:DB13147']",MONDO:0001684,1,['DRUGBANK:DB11066'],,missing_drug
"['DRUGBANK:DB11082', 'UMLS:C0010592']",MONDO:0005083,0,"['DRUGBANK:DB11082', 'UMLS:C0010592']",,missing_drug
"['DRUGBANK:DB11097', 'UNII:3FYP5M0IJX', 'UNII:K9NXW456E2']",MONDO:0002203,1,['UNII:K9NXW456E2'],,missing_drug
"['DRUGBANK:DB11097', 'UNII:K9NXW456E2']",MONDO:0005265,1,['UNII:K9NXW456E2'],,missing_drug
"['DRUGBANK:DB11158', 'UNII:24H4NWX5CO']",UMLS:C0947873,1,[],UMLS:C0947873,missing_disease
"['DRUGBANK:DB11218', 'UNII:2R04ONI662', 'UNII:ZBP1YXW0H8']",UMLS:C0851439,1,['DRUGBANK:DB11218'],UMLS:C0851439,missing_drug+missing_disease
"['DRUGBANK:DB11643', 'DRUGBANK:DB15484', 'DRUGBANK:DB15485', 'DRUGBANK:DB15486', 'DRUGBANK:DB15487']",MONDO:0015766,1,"['DRUGBANK:DB15484', 'DRUGBANK:DB15485', 'DRUGBANK:DB15486', 'DRUGBANK:DB15487']",,missing_drug
"['DRUGBANK:DB13195', 'DRUGBANK:DB14343']",MONDO:0002049,0,"['DRUGBANK:DB13195', 'DRUGBANK:DB14343']",,missing_drug
"['DRUGBANK:DB13195', 'DRUGBANK:DB14343']",MONDO:0002243,0,"['DRUGBANK:DB13195', 'DRUGBANK:DB14343']",,missing_drug
"['DRUGBANK:DB13195', 'DRUGBANK:DB14343']",MONDO:0018746,0,"['DRUGBANK:DB13195', 'DRUGBANK:DB14343']",,missing_drug
"['DRUGBANK:DB13195', 'DRUGBANK:DB14343']",UMLS:C0005902,0,"['DRUGBANK:DB13195', 'DRUGBANK:DB14343']",UMLS:C0005902,missing_drug+missing_disease
"['DRUGBANK:DB13195', 'DRUGBANK:DB14343']",UMLS:C0332798,0,"['DRUGBANK:DB13195', 'DRUGBANK:DB14343']",,missing_drug
"['DRUGBANK:DB13195', 'DRUGBANK:DB14343']",UMLS:C1096398,0,"['DRUGBANK:DB13195', 'DRUGBANK:DB14343']",UMLS:C1096398,missing_drug+missing_disease
"['DRUGBANK:DB13897', 'DRUGBANK:DB13898', 'DRUGBANK:DB13899', 'DRUGBANK:DB13900', 'DRUGBANK:DB13901', 'DRUGBANK:DB13902', 'DRUGBANK:DB13903']",MONDO:0005498,1,"['DRUGBANK:DB13897', 'DRUGBANK:DB13898', 'DRUGBANK:DB13899', 'DRUGBANK:DB13900', 'DRUGBANK:DB13901', 'DRUGBANK:DB13902', 'DRUGBANK:DB13903']",,missing_drug
"['DRUGBANK:DB14322', 'DRUGBANK:DB15836']",MONDO:0012511,0,"['DRUGBANK:DB14322', 'DRUGBANK:DB15836']",,missing_drug
"['DRUGBANK:DB14322', 'DRUGBANK:DB15836']",UMLS:C0332798,0,"['DRUGBANK:DB14322', 'DRUGBANK:DB15836']",,missing_drug
"['DRUGBANK:DB14390', 'DRUGBANK:DB14392', 'DRUGBANK:DB18750']",MONDO:0005812,1,"['DRUGBANK:DB14390', 'DRUGBANK:DB14392', 'DRUGBANK:DB18750']",,missing_drug
"['DRUGBANK:DB14427', 'DRUGBANK:DB14428', 'DRUGBANK:DB14429', 'DRUGBANK:DB14430']",MONDO:0005373,1,"['DRUGBANK:DB14427', 'DRUGBANK:DB14428', 'DRUGBANK:DB14429', 'DRUGBANK:DB14430']",,missing_drug
"['DRUGBANK:DB15478', 'DRUGBANK:DB15815']",HP:0002013,0,"['DRUGBANK:DB15478', 'DRUGBANK:DB15815']",,missing_drug
"['DRUGBANK:DB15478', 'DRUGBANK:DB15815']",HP:0002018,0,"['DRUGBANK:DB15478', 'DRUGBANK:DB15815']",,missing_drug
"['DRUGBANK:DB15478', 'DRUGBANK:DB15815']",HP:0002027,0,"['DRUGBANK:DB15478', 'DRUGBANK:DB15815']",,missing_drug
"['DRUGBANK:DB15478', 'DRUGBANK:DB15815']",MONDO:0002203,1,"['DRUGBANK:DB15478', 'DRUGBANK:DB15815']",,missing_drug
"['DRUGBANK:DB15478', 'DRUGBANK:DB15815']",MONDO:0004565,0,"['DRUGBANK:DB15478', 'DRUGBANK:DB15815']",,missing_drug
"['DRUGBANK:DB15478', 'DRUGBANK:DB15815']",UMLS:C0267465,0,"['DRUGBANK:DB15478', 'DRUGBANK:DB15815']",,missing_drug
"['DRUGBANK:DB15478', 'DRUGBANK:DB15815']",UMLS:C0267596,0,"['DRUGBANK:DB15478', 'DRUGBANK:DB15815']",,missing_drug
"['DRUGBANK:DB15478', 'DRUGBANK:DB15815']",UMLS:C3472181,0,"['DRUGBANK:DB15478', 'DRUGBANK:DB15815']",,missing_drug
"['DRUGBANK:DB15478', 'DRUGBANK:DB15815', 'UNII:3FYP5M0IJX']",MONDO:0002203,1,"['DRUGBANK:DB15478', 'DRUGBANK:DB15815']",,missing_drug
"['DRUGBANK:DB15483', 'DRUGBANK:DB15595']",MONDO:0005737,1,['DRUGBANK:DB15595'],,missing_drug
"['DRUGBANK:DB15507', 'DRUGBANK:DB15507', 'DRUGBANK:DB18750', 'DRUGBANK:DB18750']",MONDO:0005812,1,"['DRUGBANK:DB15507', 'DRUGBANK:DB15507', 'DRUGBANK:DB18750', 'DRUGBANK:DB18750']",,missing_drug
"['DRUGBANK:DB15507', 'DRUGBANK:DB18750', 'DRUGBANK:DB18750']",MONDO:0005812,1,"['DRUGBANK:DB15507', 'DRUGBANK:DB18750', 'DRUGBANK:DB18750']",,missing_drug
"['DRUGBANK:DB15521', 'DRUGBANK:DB15522', 'DRUGBANK:DB15523', 'DRUGBANK:DB15524']",MONDO:0005502,1,"['DRUGBANK:DB15521', 'DRUGBANK:DB15522', 'DRUGBANK:DB15523', 'DRUGBANK:DB15524']",,missing_drug
"['DRUGBANK:DB15680', 'DRUGBANK:DB15681', 'DRUGBANK:DB15682', 'DRUGBANK:DB15683']",DRUGBANK:DB10785,1,"['DRUGBANK:DB15680', 'DRUGBANK:DB15681', 'DRUGBANK:DB15682', 'DRUGBANK:DB15683']",DRUGBANK:DB10785,missing_drug+missing_disease
"['DRUGBANK:DB15680', 'DRUGBANK:DB15681', 'DRUGBANK:DB15682', 'DRUGBANK:DB15683']",MONDO:0005373,1,"['DRUGBANK:DB15680', 'DRUGBANK:DB15681', 'DRUGBANK:DB15682', 'DRUGBANK:DB15683']",,missing_drug
"['DRUGBANK:DB15680', 'DRUGBANK:DB15681', 'DRUGBANK:DB15682', 'DRUGBANK:DB15683']",MONDO:0018059,1,"['DRUGBANK:DB15680', 'DRUGBANK:DB15681', 'DRUGBANK:DB15682', 'DRUGBANK:DB15683']",,missing_drug
"['DRUGBANK:DB15815', 'UNII:3FYP5M0IJX']",HP:0002013,0,['DRUGBANK:DB15815'],,missing_drug
"['DRUGBANK:DB15815', 'UNII:3FYP5M0IJX']",HP:0002018,0,['DRUGBANK:DB15815'],,missing_drug
"['DRUGBANK:DB15815', 'UNII:3FYP5M0IJX']",HP:0002027,0,['DRUGBANK:DB15815'],,missing_drug
"['DRUGBANK:DB15815', 'UNII:3FYP5M0IJX']",MONDO:0004565,0,['DRUGBANK:DB15815'],,missing_drug
"['DRUGBANK:DB15815', 'UNII:3FYP5M0IJX']",UMLS:C0267465,0,['DRUGBANK:DB15815'],,missing_drug
"['DRUGBANK:DB15815', 'UNII:3FYP5M0IJX']",UMLS:C0267596,0,['DRUGBANK:DB15815'],,missing_drug
"['DRUGBANK:DB15815', 'UNII:3FYP5M0IJX']",UMLS:C3472181,0,['DRUGBANK:DB15815'],,missing_drug
"['DRUGBANK:DB15823', 'DRUGBANK:DB16540', 'DRUGBANK:DB16548']",UMLS:C0947873,1,"['DRUGBANK:DB16540', 'DRUGBANK:DB16548']",UMLS:C0947873,missing_drug+missing_disease
"['DRUGBANK:DB15836', 'PUBCHEM.COMPOUND:2758']",MONDO:0012511,0,"['DRUGBANK:DB15836', 'PUBCHEM.COMPOUND:2758']",,missing_drug
"['DRUGBANK:DB15836', 'PUBCHEM.COMPOUND:2758']",UMLS:C0332798,0,"['DRUGBANK:DB15836', 'PUBCHEM.COMPOUND:2758']",,missing_drug
"['DRUGBANK:DB15836', 'UNII:XJ6RUH0O4G']",MONDO:0012511,0,['DRUGBANK:DB15836'],,missing_drug
"['DRUGBANK:DB15836', 'UNII:XJ6RUH0O4G']",UMLS:C0332798,0,['DRUGBANK:DB15836'],,missing_drug
"['DRUGBANK:DB15860', 'DRUGBANK:DB15889']",HP:0002013,0,"['DRUGBANK:DB15860', 'DRUGBANK:DB15889']",,missing_drug
"['DRUGBANK:DB15860', 'DRUGBANK:DB15889']",HP:0002018,0,"['DRUGBANK:DB15860', 'DRUGBANK:DB15889']",,missing_drug
"['DRUGBANK:DB15860', 'DRUGBANK:DB15889']",HP:0002027,0,"['DRUGBANK:DB15860', 'DRUGBANK:DB15889']",,missing_drug
"['DRUGBANK:DB15860', 'DRUGBANK:DB15889']",MONDO:0000755,0,"['DRUGBANK:DB15860', 'DRUGBANK:DB15889']",,missing_drug
"['DRUGBANK:DB15860', 'DRUGBANK:DB15889']",MONDO:0004565,0,"['DRUGBANK:DB15860', 'DRUGBANK:DB15889']",,missing_drug
"['DRUGBANK:DB15860', 'DRUGBANK:DB15889']",UMLS:C0267465,0,"['DRUGBANK:DB15860', 'DRUGBANK:DB15889']",,missing_drug
"['DRUGBANK:DB15860', 'DRUGBANK:DB15889']",UMLS:C0267596,0,"['DRUGBANK:DB15860', 'DRUGBANK:DB15889']",,missing_drug
"['DRUGBANK:DB15860', 'DRUGBANK:DB15889']",UMLS:C1623040,0,"['DRUGBANK:DB15860', 'DRUGBANK:DB15889']",,missing_drug
"['DRUGBANK:DB15860', 'DRUGBANK:DB15889']",UMLS:C1802373,0,"['DRUGBANK:DB15860', 'DRUGBANK:DB15889']",UMLS:C1802373,missing_drug+missing_disease
"['DRUGBANK:DB15860', 'DRUGBANK:DB15889']",UMLS:C3472181,0,"['DRUGBANK:DB15860', 'DRUGBANK:DB15889']",,missing_drug
"['DRUGBANK:DB16613', 'PUBCHEM.COMPOUND:3467']",MONDO:0000755,0,"['DRUGBANK:DB16613', 'PUBCHEM.COMPOUND:3467']",,missing_drug
"['DRUGBANK:DB16613', 'PUBCHEM.COMPOUND:3467']",MONDO:0001106,0,"['DRUGBANK:DB16613', 'PUBCHEM.COMPOUND:3467']",,missing_drug
"['DRUGBANK:DB16613', 'PUBCHEM.COMPOUND:3467']",MONDO:0003900,0,"['DRUGBANK:DB16613', 'PUBCHEM.COMPOUND:3467']",,missing_drug
"['DRUGBANK:DB16613', 'PUBCHEM.COMPOUND:3467']",MONDO:0005046,0,"['DRUGBANK:DB16613', 'PUBCHEM.COMPOUND:3467']",,missing_drug
"['DRUGBANK:DB16613', 'PUBCHEM.COMPOUND:3467']",UMLS:C1623040,0,"['DRUGBANK:DB16613', 'PUBCHEM.COMPOUND:3467']",,missing_drug
"['DRUGBANK:DB18750', 'DRUGBANK:DB18750']",MONDO:0005812,1,"['DRUGBANK:DB18750', 'DRUGBANK:DB18750']",,missing_drug
"['PUBCHEM.COMPOUND:105013', 'UNII:G083B71P98']",UniProtKB:P01168,1,['PUBCHEM.COMPOUND:105013'],UniProtKB:P01168,missing_drug+missing_disease
"['PUBCHEM.COMPOUND:91820602', 'UNII:2S9ZZM9Q9V', 'UNII:52CMI0WC3Y']",UMLS:C5395609,1,[],UMLS:C5395609,missing_disease
"['PUBCHEM.COMPOUND:91820602', 'UNII:4F4X42SYQ6']",UMLS:C0855068,1,[],UMLS:C0855068,missing_disease
"['PUBCHEM.COMPOUND:91820602', 'UNII:4F4X42SYQ6']",UMLS:C1868944,1,[],UMLS:C1868944,missing_disease
"['PUBCHEM.COMPOUND:91820602', 'UNII:4F4X42SYQ6']",UniProtKB:A0A8D1C1M1,1,[],UniProtKB:A0A8D1C1M1,missing_disease
"['PUBCHEM.COMPOUND:91820602', 'UNII:52CMI0WC3Y']",UMLS:C5395609,1,[],UMLS:C5395609,missing_disease
"['PUBCHEM.COMPOUND:91820602', 'UNII:5384HK7574']",MONDO:0007254,1,['UNII:5384HK7574'],,missing_drug
"['PUBCHEM.COMPOUND:91820602', 'UNII:5384HK7574', 'UNII:K16AIQ8CTM']",MONDO:0006804,1,['UNII:5384HK7574'],,missing_drug
"['PUBCHEM.COMPOUND:91820602', 'UNII:5384HK7574', 'UNII:K16AIQ8CTM']",MONDO:0007254,1,['UNII:5384HK7574'],,missing_drug
"['PUBCHEM.COMPOUND:91820602', 'UNII:5384HK7574', 'UNII:K16AIQ8CTM']",UMLS:C0278485,1,['UNII:5384HK7574'],,missing_drug
"['UMLS:C0003993', 'UMLS:C0003993']",HP:0000225,0,"['UMLS:C0003993', 'UMLS:C0003993']",,missing_drug
"['UMLS:C0003993', 'UMLS:C0003993']",MONDO:0002907,0,"['UMLS:C0003993', 'UMLS:C0003993']",,missing_drug
"['UMLS:C0003993', 'UMLS:C0003993']",MONDO:0008185,0,"['UMLS:C0003993', 'UMLS:C0003993']",,missing_drug
"['UMLS:C0030346', 'UNII:BVS505O332']",HP:0002239,0,['UMLS:C0030346'],,missing_drug
"['UMLS:C0030346', 'UNII:BVS505O332']",MONDO:0001106,0,['UMLS:C0030346'],,missing_drug
"['UMLS:C0030346', 'UNII:BVS505O332']",MONDO:0005070,0,['UMLS:C0030346'],,missing_drug
"['UMLS:C0030346', 'UNII:BVS505O332']",MONDO:0005271,0,['UMLS:C0030346'],,missing_drug
"['UMLS:C0030346', 'UNII:BVS505O332']",MONDO:0006130,0,['UMLS:C0030346'],,missing_drug
"['UMLS:C0030346', 'UNII:BVS505O332']",MONDO:0009332,0,['UMLS:C0030346'],,missing_drug
"['UMLS:C0030346', 'UNII:BVS505O332']",MONDO:0012354,0,['UMLS:C0030346'],,missing_drug
"['UMLS:C0030346', 'UNII:BVS505O332']",MONDO:0018874,0,['UMLS:C0030346'],,missing_drug
"['UMLS:C0030346', 'UNII:BVS505O332']",NCIT:C34938,0,['UMLS:C0030346'],,missing_drug
"['UMLS:C0030346', 'UNII:BVS505O332']",UMLS:C0151763,0,['UMLS:C0030346'],,missing_drug
"['UMLS:C0030346', 'UNII:BVS505O332']",UMLS:C0178808,0,['UMLS:C0030346'],UMLS:C0178808,missing_drug+missing_disease
"['UNII:234248D0HH', 'UNII:5384HK7574']",CHEBI:5971,1,['UNII:5384HK7574'],,missing_drug
"['UNII:2S9ZZM9Q9V', 'UNII:52CMI0WC3Y']",UMLS:C5395609,1,[],UMLS:C5395609,missing_disease
"['UNII:2WU922TK3L', 'UNII:K6BUU8J72P']",DRUGBANK:DB11066,1,[],DRUGBANK:DB11066,missing_disease
"['UNII:2WU922TK3L', 'UNII:K6BUU8J72P']",UMLS:C4049392,1,[],UMLS:C4049392,missing_disease
"['UNII:2WU922TK3L', 'UNII:K6BUU8J72P']",UMLS:C4049395,1,[],UMLS:C4049395,missing_disease
"['UNII:2WU922TK3L', 'UNII:K6BUU8J72P']",UMLS:C4049418,1,[],UMLS:C4049418,missing_disease
"['UNII:2WU922TK3L', 'UNII:K6BUU8J72P']",UMLS:C4049420,1,[],UMLS:C4049420,missing_disease
"['UNII:2WU922TK3L', 'UNII:K6BUU8J72P']",UMLS:C4049431,1,[],UMLS:C4049431,missing_disease
"['UNII:2WU922TK3L', 'UNII:K6BUU8J72P']",UMLS:C4049435,1,[],UMLS:C4049435,missing_disease
"['UNII:31YO63LBSN', 'UNII:6T8C155666']",UMLS:C0862906,1,[],UMLS:C0862906,missing_disease
"['UNII:31YO63LBSN', 'UNII:6T8C155666']",UMLS:C5395609,1,[],UMLS:C5395609,missing_disease
"['UNII:5384HK7574', 'UNII:DPT0O3T46P']",MONDO:0003219,1,['UNII:5384HK7574'],,missing_drug
"['UNII:5384HK7574', 'UNII:DPT0O3T46P']",MONDO:0005036,1,['UNII:5384HK7574'],,missing_drug
"['UNII:5384HK7574', 'UNII:K16AIQ8CTM']",MONDO:0006804,1,['UNII:5384HK7574'],,missing_drug
"['UNII:5384HK7574', 'UNII:K16AIQ8CTM']",MONDO:0007254,1,['UNII:5384HK7574'],,missing_drug
"['UNII:5384HK7574', 'UNII:K16AIQ8CTM']",UMLS:C0278485,1,['UNII:5384HK7574'],,missing_drug
"['UNII:5PKM8P0G5I', 'UNII:U50VWW6XH6']",MONDO:0002243,1,['UNII:U50VWW6XH6'],,missing_drug
"['UNII:5PKM8P0G5I', 'UNII:U50VWW6XH6']",UMLS:C0158951,1,['UNII:U50VWW6XH6'],,missing_drug
"['UNII:5UW00M8KR0', 'UNII:R17X820ROL']",HP:0002153,0,['UNII:5UW00M8KR0'],,missing_drug
"['UNII:5UW00M8KR0', 'UNII:R17X820ROL']",HP:0002918,0,['UNII:5UW00M8KR0'],,missing_drug
"['UNII:5UW00M8KR0', 'UNII:R17X820ROL']",HP:0011105,0,['UNII:5UW00M8KR0'],,missing_drug
"['UNII:5UW00M8KR0', 'UNII:R17X820ROL']",MONDO:0000468,0,['UNII:5UW00M8KR0'],,missing_drug
"['UNII:5UW00M8KR0', 'UNII:R17X820ROL']",MONDO:0001106,0,['UNII:5UW00M8KR0'],,missing_drug
"['UNII:5UW00M8KR0', 'UNII:R17X820ROL']",MONDO:0001166,0,['UNII:5UW00M8KR0'],,missing_drug
"['UNII:5UW00M8KR0', 'UNII:R17X820ROL']",MONDO:0005009,0,['UNII:5UW00M8KR0'],,missing_drug
"['UNII:5UW00M8KR0', 'UNII:R17X820ROL']",MONDO:0006684,0,['UNII:5UW00M8KR0'],,missing_drug
"['UNII:5UW00M8KR0', 'UNII:R17X820ROL']",MONDO:0006932,0,['UNII:5UW00M8KR0'],,missing_drug
"['UNII:5UW00M8KR0', 'UNII:R17X820ROL']",MONDO:0007263,1,['UNII:5UW00M8KR0'],,missing_drug
"['UNII:5UW00M8KR0', 'UNII:R17X820ROL']",MONDO:0009688,0,['UNII:5UW00M8KR0'],,missing_drug
"['UNII:5UW00M8KR0', 'UNII:R17X820ROL']",UMLS:C0161680,0,['UNII:5UW00M8KR0'],UMLS:C0161680,missing_drug+missing_disease
"['UNII:5UW00M8KR0', 'UNII:R17X820ROL']",UMLS:C0795692,0,['UNII:5UW00M8KR0'],,missing_drug
"['UNII:5UW00M8KR0', 'UNII:R17X820ROL']",UMLS:C3472181,0,['UNII:5UW00M8KR0'],,missing_drug
"['UNII:6LTE2DNX63', 'UNII:J2D279PEM5']",NCBITaxon:333760,1,"['UNII:6LTE2DNX63', 'UNII:J2D279PEM5']",,missing_drug
"['UNII:6LTE2DNX63', 'UNII:J2D279PEM5']",NCBITaxon:337042,1,"['UNII:6LTE2DNX63', 'UNII:J2D279PEM5']",,missing_drug
"['UNII:8NY9L8837D', 'UNII:Q3B1Y93C1S']",HP:0002015,0,['UNII:Q3B1Y93C1S'],,missing_drug
"['UNII:8NY9L8837D', 'UNII:Q3B1Y93C1S']",MONDO:0006722,0,['UNII:Q3B1Y93C1S'],,missing_drug
"['UNII:8NY9L8837D', 'UNII:Q3B1Y93C1S']",UMLS:C0410447,0,['UNII:Q3B1Y93C1S'],UMLS:C0410447,missing_drug+missing_disease
"['UNII:8NY9L8837D', 'UNII:Q3B1Y93C1S']",UMLS:C1536052,0,['UNII:Q3B1Y93C1S'],,missing_drug
